{"type":"FeatureCollection","name":"Alur_REVENUE_169_Records","crs":{"type":"name","properties":{"name":"EPSG:4326"}},"features":[{"type":"Feature","geometry":{"type":"MultiPolygon","coordinates":[[[[76.02575659390227,14.504246422995239],[76.02575045489506,14.503293464148005],[76.02498529879284,14.503329114766094],[76.0249463990731,14.503058943968309],[76.02464935638787,14.502695292547116],[76.02472601577851,14.502353717587093],[76.02837374212137,14.502856511754766],[76.02846710355712,14.502494332178044],[76.02849942689484,14.502369051582498],[76.02849789732363,14.502368774415451],[76.02527461970804,14.501866023746649],[76.02359977367993,14.501650586982043],[76.0241329545696,14.50242345657049],[76.02495005297041,14.504543673155238],[76.02575659390227,14.504246422995239]]]]},"properties":{"source":"REVENUE","record_id":"REV-ALUR-001","district":"Davanagere","taluk":"Davanagere","village":"Alur","survey_number":"100","owner_name":"Owner 001","area_sqm":2163.72,"land_use":"Agricultural","data_note":"Synthetic demonstration attributes; geometry and LRI location identifiers retained from Karnataka LRI source."}},{"type":"Feature","geometry":{"type":"MultiPolygon","coordinates":[[[[76.0282741370475,14.503288421431083],[76.02837374212137,14.502856511754766],[76.02472601577851,14.502353717587093],[76.02464935638787,14.502695292547116],[76.0249463990731,14.503058943968309],[76.02498529879284,14.503329114766094],[76.02575045489506,14.503293464148005],[76.02575659390227,14.504246422995239],[76.0282741370475,14.503288421431083]]]]},"properties":{"source":"REVENUE","record_id":"REV-ALUR-002","district":"Davanagere","taluk":"Davanagere","village":"Alur","survey_number":"101","owner_name":"Owner 002","area_sqm":552.32,"land_use":"Agricultural","data_note":"Synthetic demonstration attributes; geometry and LRI location identifiers retained from Karnataka LRI source."}},{"type":"Feature","geometry":{"type":"MultiPolygon","coordinates":[[[[76.02753027989786,14.506091243593863],[76.0275527911669,14.506013850207404],[76.02761339084356,14.505802491350082],[76.02766301367149,14.505625906261184],[76.02794467611722,14.504561097782485],[76.02796609044275,14.504478705342546],[76.02805342955992,14.504141810052948],[76.02807723708271,14.504050193217562],[76.0282741370475,14.503288421431083],[76.02575659390227,14.504246422995239],[76.02495005297041,14.504543673155238],[76.02697846841802,14.505828406558475],[76.02750932017653,14.50616281092473],[76.02753027989786,14.506091243593863]]]]},"properties":{"source":"REVENUE","record_id":"REV-ALUR-003","district":"Davanagere","taluk":"Davanagere","village":"Alur","survey_number":"102","owner_name":"Owner 003","area_sqm":4853.06,"land_use":"Agricultural","data_note":"Synthetic demonstration attributes; geometry and LRI location identifiers retained from Karnataka LRI source."}},{"type":"Feature","geometry":{"type":"MultiPolygon","coordinates":[[[[76.01997916867684,14.506217799574491],[76.02252262995725,14.50589748210166],[76.02438803821354,14.505889079667362],[76.02750932017653,14.50616281092473],[76.02697846841802,14.505828406558475],[76.02495005297041,14.504543673155238],[76.02422222289266,14.504828010330357],[76.02403382972628,14.504901143100964],[76.02404455826019,14.504964288309298],[76.02333059400344,14.505044638410768],[76.02219278896838,14.505218073612916],[76.02115093990845,14.505473291780003],[76.02059376879102,14.505725955089314],[76.0201051325717,14.505852604215528],[76.01965956435428,14.50590484038304],[76.01885273080023,14.506344388573737],[76.01997916867684,14.506217799574491]]]]},"properties":{"source":"REVENUE","record_id":"REV-ALUR-004","district":"Davanagere","taluk":"Davanagere","village":"Alur","survey_number":"103","owner_name":"Owner 004","area_sqm":2214.42,"land_use":"Agricultural","data_note":"Synthetic demonstration attributes; geometry and LRI location identifiers retained from Karnataka LRI source."}},{"type":"Feature","geometry":{"type":"MultiPolygon","coordinates":[[[[76.02215668169825,14.505054761431815],[76.02194646022618,14.503241271199217],[76.02188083610604,14.502966848580341],[76.02179330941658,14.502619370332663],[76.02177966715826,14.502566773267228],[76.02186064046008,14.502286161890444],[76.02129626345275,14.50110180507859],[76.02122173664236,14.497787311331034],[76.02082821334739,14.49777931258016],[76.02058801255262,14.497774689879753],[76.02060211644768,14.498210033906947],[76.02064444575976,14.499642993296936],[76.02080041004295,14.500988738049271],[76.02088329555414,14.502327487413757],[76.02088624672861,14.502383684789116],[76.02091720128722,14.503316310328994],[76.02094757078837,14.503657260836599],[76.02111375117887,14.505332012724],[76.02215668169825,14.505054761431815]]]]},"properties":{"source":"REVENUE","record_id":"REV-ALUR-005","district":"Davanagere","taluk":"Davanagere","village":"Alur","survey_number":"104","owner_name":"Owner 005","area_sqm":816.41,"land_use":"Agricultural","data_note":"Synthetic demonstration attributes; geometry and LRI location identifiers retained from Karnataka LRI source."}},{"type":"Feature","geometry":{"type":"MultiPolygon","coordinates":[[[[76.02249547199285,14.504990308432408],[76.0223759558401,14.503623661552917],[76.02262518178733,14.50353958312828],[76.02258738467994,14.50345087026823],[76.02207912973677,14.502278829415488],[76.02207642592056,14.5022699608477],[76.02171171466085,14.501117683585585],[76.02171159025755,14.500474093291565],[76.02167943324861,14.49909671657304],[76.02163712291565,14.497764044993191],[76.02122173664236,14.497787311331034],[76.02129626345275,14.50110180507859],[76.02186064046008,14.502286161890444],[76.02177966715826,14.502566773267228],[76.02179330941658,14.502619370332663],[76.02188083610604,14.502966848580341],[76.02194646022618,14.503241271199217],[76.02215668169825,14.505054761431815],[76.02249547199285,14.504990308432408]]]]},"properties":{"source":"REVENUE","record_id":"REV-ALUR-006","district":"Davanagere","taluk":"Davanagere","village":"Alur","survey_number":"105","owner_name":"Owner 006","area_sqm":4237.12,"land_use":"Agricultural","data_note":"Synthetic demonstration attributes; geometry and LRI location identifiers retained from Karnataka LRI source."}},{"type":"Feature","geometry":{"type":"MultiPolygon","coordinates":[[[[76.02319791698244,14.504822013243219],[76.0231100864401,14.504126629243746],[76.02319277899782,14.504013800659802],[76.02328012245876,14.503894545792102],[76.02228839101384,14.502043544706224],[76.02227704669109,14.502023419646841],[76.02225280317975,14.500969366956502],[76.02223150580889,14.497706317357208],[76.02163712291565,14.497764044993191],[76.02167943324861,14.49909671657304],[76.02171159025755,14.500474093291565],[76.02171171466085,14.501117683585585],[76.02207642592056,14.5022699608477],[76.02207912973677,14.502278829415488],[76.02258738467994,14.50345087026823],[76.02262518178733,14.50353958312828],[76.0223759558401,14.503623661552917],[76.02249547199285,14.504990308432408],[76.02319791698244,14.504822013243219]]]]},"properties":{"source":"REVENUE","record_id":"REV-ALUR-007","district":"Davanagere","taluk":"Davanagere","village":"Alur","survey_number":"106","owner_name":"Owner 007","area_sqm":3415.47,"land_use":"Agricultural","data_note":"Synthetic demonstration attributes; geometry and LRI location identifiers retained from Karnataka LRI source."}},{"type":"Feature","geometry":{"type":"MultiPolygon","coordinates":[[[[76.02392465111073,14.504723340070651],[76.02388358808878,14.504646794649718],[76.02247449937363,14.501871809436677],[76.02244224844522,14.501810922977524],[76.02269172375631,14.501359350586966],[76.02256308892329,14.500270743792631],[76.02259368589765,14.497677870237178],[76.02223150580889,14.497706317357208],[76.02225280317975,14.500969366956502],[76.02227704669109,14.502023419646841],[76.02228839101384,14.502043544706224],[76.02328012245876,14.503894545792102],[76.02319277899782,14.504013800659802],[76.0231100864401,14.504126629243746],[76.02319791698244,14.504822013243219],[76.02392465111073,14.504723340070651]]]]},"properties":{"source":"REVENUE","record_id":"REV-ALUR-008","district":"Davanagere","taluk":"Davanagere","village":"Alur","survey_number":"107","owner_name":"Owner 008","area_sqm":4480.94,"land_use":"Agricultural","data_note":"Synthetic demonstration attributes; geometry and LRI location identifiers retained from Karnataka LRI source."}},{"type":"Feature","geometry":{"type":"MultiPolygon","coordinates":[[[[76.02328123803122,14.500906135643163],[76.02311705426277,14.49765000696787],[76.02259368589765,14.497677870237178],[76.02256308892329,14.500270743792631],[76.02269172375631,14.501359350586966],[76.02273141719769,14.501361311243542],[76.02328123803122,14.500906135643163]]]]},"properties":{"source":"REVENUE","record_id":"REV-ALUR-009","district":"Davanagere","taluk":"Davanagere","village":"Alur","survey_number":"108","owner_name":"Owner 009","area_sqm":2689.12,"land_use":"Agricultural","data_note":"Synthetic demonstration attributes; geometry and LRI location identifiers retained from Karnataka LRI source."}},{"type":"Feature","geometry":{"type":"MultiPolygon","coordinates":[[[[76.02341638110092,14.500820411973828],[76.023835231072,14.500445050899831],[76.02434593600418,14.500003068898856],[76.0240158097296,14.499262778757707],[76.02413085729918,14.497594316583365],[76.02339948143032,14.497640965757018],[76.02311705426277,14.49765000696787],[76.02328123803122,14.500906135643163],[76.02341638110092,14.500820411973828]]]]},"properties":{"source":"REVENUE","record_id":"REV-ALUR-010","district":"Davanagere","taluk":"Davanagere","village":"Alur","survey_number":"109","owner_name":"Owner 010","area_sqm":3091.14,"land_use":"Agricultural","data_note":"Synthetic demonstration attributes; geometry and LRI location identifiers retained from Karnataka LRI source."}},{"type":"Feature","geometry":{"type":"MultiPolygon","coordinates":[[[[76.02553477937207,14.499024039386711],[76.02592970844704,14.498824347383456],[76.02616002779486,14.498316688754905],[76.02591167136971,14.497502839963252],[76.02561078006514,14.497218124644586],[76.0251736111094,14.496411891999456],[76.0250535446658,14.495799325789177],[76.0246018739696,14.496194646311467],[76.02443080140105,14.496219230906227],[76.02428926706082,14.496239462932405],[76.02428338367388,14.496447008904495],[76.02426001775355,14.496622047876778],[76.0242157784606,14.496956026740037],[76.02413085729918,14.497594316583365],[76.0240158097296,14.499262778757707],[76.02434593600418,14.500003068898856],[76.02441458684373,14.499946104568696],[76.02553477937207,14.499024039386711]]]]},"properties":{"source":"REVENUE","record_id":"REV-ALUR-011","district":"Davanagere","taluk":"Davanagere","village":"Alur","survey_number":"110","owner_name":"Owner 011","area_sqm":3510.05,"land_use":"Agricultural","data_note":"Synthetic demonstration attributes; geometry and LRI location identifiers retained from Karnataka LRI source."}},{"type":"Feature","geometry":{"type":"MultiPolygon","coordinates":[[[[76.0265166612125,14.49807527926018],[76.02728537818705,14.497401531970239],[76.02739152872329,14.497310537730844],[76.02730559239228,14.496738299262573],[76.02591167136971,14.497502839963252],[76.02616002779486,14.498316688754905],[76.0265166612125,14.49807527926018]]]]},"properties":{"source":"REVENUE","record_id":"REV-ALUR-012","district":"Davanagere","taluk":"Davanagere","village":"Alur","survey_number":"111","owner_name":"Owner 012","area_sqm":4419.91,"land_use":"Agricultural","data_note":"Synthetic demonstration attributes; geometry and LRI location identifiers retained from Karnataka LRI source."}},{"type":"Feature","geometry":{"type":"MultiPolygon","coordinates":[[[[76.02685266723068,14.494429762138669],[76.02671412590553,14.49445403615515],[76.02656810039134,14.494544677231156],[76.0265813344139,14.494563110525599],[76.0267365642556,14.494697911685275],[76.02709893498168,14.495030851173945],[76.02685266723068,14.494429762138669]]]]},"properties":{"source":"REVENUE","record_id":"REV-ALUR-013","district":"Davanagere","taluk":"Davanagere","village":"Alur","survey_number":"112","owner_name":"Owner 013","area_sqm":2045.99,"land_use":"Agricultural","data_note":"Synthetic demonstration attributes; geometry and LRI location identifiers retained from Karnataka LRI source."}},{"type":"Feature","geometry":{"type":"MultiPolygon","coordinates":[[[[76.02730559239228,14.496738299262573],[76.02717395492293,14.495831308622057],[76.02713662668674,14.49512284997214],[76.02709893498168,14.495030851173945],[76.0267365642556,14.494697911685275],[76.02658133441807,14.494563111429615],[76.02656810039134,14.494544677231156],[76.02629850575273,14.494712020262154],[76.02561869789868,14.495502776600503],[76.0250535446658,14.495799325789177],[76.0251736111094,14.496411891999456],[76.02561078006514,14.497218124644586],[76.02591167136971,14.497502839963252],[76.02730559239228,14.496738299262573]]]]},"properties":{"source":"REVENUE","record_id":"REV-ALUR-014","district":"Davanagere","taluk":"Davanagere","village":"Alur","survey_number":"112","owner_name":"Owner 014","area_sqm":4487.53,"land_use":"Agricultural","data_note":"Synthetic demonstration attributes; geometry and LRI location identifiers retained from Karnataka LRI source."}},{"type":"Feature","geometry":{"type":"MultiPolygon","coordinates":[[[[76.02754588416087,14.494272249854655],[76.02734719223244,14.494254375438505],[76.02685266723068,14.494429762138669],[76.02709893498168,14.495030851173945],[76.02749778276649,14.495397303955382],[76.02779299068403,14.495732826787739],[76.02754588416087,14.494272249854655]]]]},"properties":{"source":"REVENUE","record_id":"REV-ALUR-015","district":"Davanagere","taluk":"Davanagere","village":"Alur","survey_number":"113","owner_name":"Owner 015","area_sqm":944.44,"land_use":"Agricultural","data_note":"Synthetic demonstration attributes; geometry and LRI location identifiers retained from Karnataka LRI source."}},{"type":"Feature","geometry":{"type":"MultiPolygon","coordinates":[[[[76.02786917744228,14.496982632423562],[76.02778060191054,14.496470552924327],[76.0278110706404,14.495839696728728],[76.02779299068403,14.495732826787739],[76.02749778276649,14.495397303955382],[76.02709893498168,14.495030851173945],[76.02713662668674,14.49512284997214],[76.02717395492293,14.495831308622057],[76.02730559239228,14.496738299262573],[76.02739152872329,14.497310537730844],[76.02786917744228,14.496982632423562]]]]},"properties":{"source":"REVENUE","record_id":"REV-ALUR-016","district":"Davanagere","taluk":"Davanagere","village":"Alur","survey_number":"113","owner_name":"Owner 016","area_sqm":4384.41,"land_use":"Agricultural","data_note":"Synthetic demonstration attributes; geometry and LRI location identifiers retained from Karnataka LRI source."}},{"type":"Feature","geometry":{"type":"MultiPolygon","coordinates":[[[[76.02838578929719,14.496403674484974],[76.02846462058558,14.495201329439634],[76.02823190330008,14.494484038804364],[76.02782406541668,14.494317828541789],[76.02754588416087,14.494272249854655],[76.02779299068403,14.495732826787739],[76.02825783625018,14.496261154055547],[76.02837268825654,14.496418357299566],[76.02838578929719,14.496403674484974]]]]},"properties":{"source":"REVENUE","record_id":"REV-ALUR-017","district":"Davanagere","taluk":"Davanagere","village":"Alur","survey_number":"114","owner_name":"Owner 017","area_sqm":826.47,"land_use":"Agricultural","data_note":"Synthetic demonstration attributes; geometry and LRI location identifiers retained from Karnataka LRI source."}},{"type":"Feature","geometry":{"type":"MultiPolygon","coordinates":[[[[76.02837268825654,14.496418357299566],[76.02825783625018,14.496261154055547],[76.02779299068403,14.495732826787739],[76.0278110706404,14.495839696728728],[76.02778060191054,14.496470552924327],[76.02786917744228,14.496982632423562],[76.02837268825654,14.496418357299566]]]]},"properties":{"source":"REVENUE","record_id":"REV-ALUR-018","district":"Davanagere","taluk":"Davanagere","village":"Alur","survey_number":"114","owner_name":"Owner 018","area_sqm":1977.76,"land_use":"Agricultural","data_note":"Synthetic demonstration attributes; geometry and LRI location identifiers retained from Karnataka LRI source."}},{"type":"Feature","geometry":{"type":"MultiPolygon","coordinates":[[[[76.02900542460861,14.496264423886156],[76.03003673465352,14.49585770494679],[76.03063433296316,14.49570372067577],[76.03105368323233,14.495218563514625],[76.03127387571749,14.495143801683747],[76.03131594345815,14.495073537255504],[76.03130395643554,14.495074434244557],[76.03110169603158,14.495030691739348],[76.03091453779139,14.49494633959811],[76.0308702311073,14.494928121571684],[76.03077182700176,14.494887550007489],[76.03050789334876,14.49486525816111],[76.03027262182361,14.494901298747257],[76.03007940863081,14.49491861296629],[76.0298147712326,14.494856051436132],[76.02952270672755,14.494748142317613],[76.0292357678228,14.494612615633393],[76.02901011082626,14.49456353510403],[76.02882443958806,14.494597324713137],[76.02858129236544,14.494604271926335],[76.02842091387006,14.494561882347956],[76.02823190330008,14.494484038804364],[76.02846462058558,14.495201329439634],[76.02838578929719,14.496403674484974],[76.02900542460861,14.496264423886156]]]]},"properties":{"source":"REVENUE","record_id":"REV-ALUR-019","district":"Davanagere","taluk":"Davanagere","village":"Alur","survey_number":"115","owner_name":"Owner 019","area_sqm":2086.24,"land_use":"Agricultural","data_note":"Synthetic demonstration attributes; geometry and LRI location identifiers retained from Karnataka LRI source."}},{"type":"Feature","geometry":{"type":"MultiPolygon","coordinates":[[[[76.03142434262016,14.494892142610825],[76.03183621685311,14.494197703518159],[76.031917709076,14.494007860236229],[76.03178001481862,14.494046738128924],[76.03153337949762,14.494116449010866],[76.0314028571017,14.494135740056247],[76.03080455819368,14.494269809611463],[76.03020461990758,14.49433540432709],[76.03006056325093,14.494302517115523],[76.02883838413099,14.493917335177429],[76.02840379689232,14.494359629932736],[76.02844670608532,14.494387147128428],[76.02861982252456,14.494414844616635],[76.02896585921418,14.494387274155791],[76.02919427000785,14.494414439743776],[76.02973332559311,14.494654137223385],[76.02999490255519,14.49470565233251],[76.03027922421522,14.494694925034292],[76.03056701672332,14.494662638145627],[76.03085275734317,14.494743920072674],[76.03099864794761,14.49482217848809],[76.0310858915523,14.494868811665155],[76.03129547259,14.494897844172982],[76.03142434262016,14.494892142610825]]]]},"properties":{"source":"REVENUE","record_id":"REV-ALUR-020","district":"Davanagere","taluk":"Davanagere","village":"Alur","survey_number":"115","owner_name":"Owner 020","area_sqm":1986.82,"land_use":"Agricultural","data_note":"Synthetic demonstration attributes; geometry and LRI location identifiers retained from Karnataka LRI source."}},{"type":"Feature","geometry":{"type":"MultiPolygon","coordinates":[[[[76.03020461990758,14.49433540432709],[76.03021783575622,14.49377898508787],[76.02971673527487,14.493526420587099],[76.02913384865387,14.492941748366485],[76.02802392081391,14.492576885296309],[76.02780704207532,14.49325026838458],[76.02774049388908,14.493454620826782],[76.02700785915953,14.493499886437766],[76.0267286083999,14.494056778979376],[76.02664986433842,14.4942128873323],[76.02697843116576,14.494142474396408],[76.02724142401014,14.49407111553344],[76.02739551700475,14.494023593776248],[76.02759925197815,14.494014721045012],[76.02785003564496,14.494080753090248],[76.02807829584873,14.494172554373817],[76.02810707534005,14.494192487145678],[76.02822952270212,14.494277235147363],[76.02838715046543,14.49434895383408],[76.02840379689232,14.494359629932736],[76.02883838413099,14.493917335177429],[76.03006056325093,14.494302517115523],[76.03020461990758,14.49433540432709]]]]},"properties":{"source":"REVENUE","record_id":"REV-ALUR-021","district":"Davanagere","taluk":"Davanagere","village":"Alur","survey_number":"116","owner_name":"Owner 021","area_sqm":3434.56,"land_use":"Agricultural","data_note":"Synthetic demonstration attributes; geometry and LRI location identifiers retained from Karnataka LRI source."}},{"type":"Feature","geometry":{"type":"MultiPolygon","coordinates":[[[[76.03023747182579,14.493098457241226],[76.03040294423454,14.492257051699813],[76.02997036720109,14.492053868192029],[76.02943903518124,14.491842142161936],[76.02913384865387,14.492941748366485],[76.02971673527487,14.493526420587099],[76.03021783575622,14.49377898508787],[76.03023747182579,14.493098457241226]]]]},"properties":{"source":"REVENUE","record_id":"REV-ALUR-022","district":"Davanagere","taluk":"Davanagere","village":"Alur","survey_number":"117","owner_name":"Owner 022","area_sqm":3920.36,"land_use":"Agricultural","data_note":"Synthetic demonstration attributes; geometry and LRI location identifiers retained from Karnataka LRI source."}},{"type":"Feature","geometry":{"type":"MultiPolygon","coordinates":[[[[76.02943903518124,14.491842142161936],[76.0292184327199,14.491751106791654],[76.02938266804843,14.490366248825497],[76.02711327939694,14.490499150032738],[76.02712618509847,14.490129734882958],[76.02690464183374,14.490888754288834],[76.02676405930973,14.491386096797795],[76.02682299271144,14.491867240451501],[76.02802930534295,14.492013200860479],[76.02802392081391,14.492576885296309],[76.02913384865387,14.492941748366485],[76.02943903518124,14.491842142161936]]]]},"properties":{"source":"REVENUE","record_id":"REV-ALUR-023","district":"Davanagere","taluk":"Davanagere","village":"Alur","survey_number":"118","owner_name":"Owner 023","area_sqm":2220.81,"land_use":"Agricultural","data_note":"Synthetic demonstration attributes; geometry and LRI location identifiers retained from Karnataka LRI source."}},{"type":"Feature","geometry":{"type":"MultiPolygon","coordinates":[[[[76.02712618509847,14.490129734882958],[76.02717581866908,14.488708932209208],[76.02719468766936,14.487341260182372],[76.02719595277361,14.487298221688473],[76.02722274594028,14.486362068640291],[76.02694716326074,14.486340424224531],[76.02681491560756,14.48775242301307],[76.02679700660522,14.487941277311812],[76.0267189906517,14.48870764128768],[76.02673788029522,14.490462655622611],[76.02657195134745,14.490478848572657],[76.02673336880169,14.491135533935667],[76.02676405930973,14.491386096797795],[76.02690464183374,14.490888754288834],[76.02712618509847,14.490129734882958]]]]},"properties":{"source":"REVENUE","record_id":"REV-ALUR-024","district":"Davanagere","taluk":"Davanagere","village":"Alur","survey_number":"118","owner_name":"Owner 024","area_sqm":3019.21,"land_use":"Agricultural","data_note":"Synthetic demonstration attributes; geometry and LRI location identifiers retained from Karnataka LRI source."}},{"type":"Feature","geometry":{"type":"MultiPolygon","coordinates":[[[[76.02938266804843,14.490366248825497],[76.02988495931147,14.488863299988305],[76.02757216976681,14.488731518132907],[76.02751554053299,14.488933478466556],[76.02742415767628,14.489234934194775],[76.02721013514484,14.489842115440482],[76.02712618509847,14.490129734882958],[76.02711327939694,14.490499150032738],[76.02938266804843,14.490366248825497]]]]},"properties":{"source":"REVENUE","record_id":"REV-ALUR-025","district":"Davanagere","taluk":"Davanagere","village":"Alur","survey_number":"119","owner_name":"Owner 025","area_sqm":3486.84,"land_use":"Agricultural","data_note":"Synthetic demonstration attributes; geometry and LRI location identifiers retained from Karnataka LRI source."}},{"type":"Feature","geometry":{"type":"MultiPolygon","coordinates":[[[[76.02757216976681,14.488731518132907],[76.02717581866908,14.488708932209208],[76.02712618509847,14.490129734882958],[76.02721013514484,14.489842115440482],[76.02742415767628,14.489234934194775],[76.02751554145668,14.48893347755848],[76.02757216976681,14.488731518132907]]]]},"properties":{"source":"REVENUE","record_id":"REV-ALUR-026","district":"Davanagere","taluk":"Davanagere","village":"Alur","survey_number":"119","owner_name":"Owner 026","area_sqm":1007.01,"land_use":"Agricultural","data_note":"Synthetic demonstration attributes; geometry and LRI location identifiers retained from Karnataka LRI source."}},{"type":"Feature","geometry":{"type":"MultiPolygon","coordinates":[[[[76.03016251089254,14.488026178397005],[76.0285974544686,14.48730125769215],[76.02781040132533,14.487323702598733],[76.0277279226167,14.48804443158046],[76.02766759677552,14.488375862260723],[76.02759160847779,14.488662190411807],[76.02757216976681,14.488731518132907],[76.02988495931147,14.488863299988305],[76.03016251089254,14.488026178397005]]]]},"properties":{"source":"REVENUE","record_id":"REV-ALUR-027","district":"Davanagere","taluk":"Davanagere","village":"Alur","survey_number":"120","owner_name":"Owner 027","area_sqm":4743.98,"land_use":"Agricultural","data_note":"Synthetic demonstration attributes; geometry and LRI location identifiers retained from Karnataka LRI source."}},{"type":"Feature","geometry":{"type":"MultiPolygon","coordinates":[[[[76.02781040132533,14.487323702598733],[76.02719468766936,14.487341260182372],[76.02717581866908,14.488708932209208],[76.02757216976681,14.488731518132907],[76.02759160754995,14.488662190415862],[76.02766759677552,14.488375862260723],[76.0277279226167,14.48804443158046],[76.02781040132533,14.487323702598733]]]]},"properties":{"source":"REVENUE","record_id":"REV-ALUR-028","district":"Davanagere","taluk":"Davanagere","village":"Alur","survey_number":"120","owner_name":"Owner 028","area_sqm":3719.39,"land_use":"Agricultural","data_note":"Synthetic demonstration attributes; geometry and LRI location identifiers retained from Karnataka LRI source."}},{"type":"Feature","geometry":{"type":"MultiPolygon","coordinates":[[[[76.03018609253755,14.487968094808606],[76.03039818023178,14.486729046107598],[76.02923859418567,14.486256266601714],[76.02913030592201,14.486483029605957],[76.02829419351642,14.486311394703845],[76.0285974544686,14.48730125769215],[76.03016251089254,14.488026178397005],[76.03018609253755,14.487968094808606]]]]},"properties":{"source":"REVENUE","record_id":"REV-ALUR-029","district":"Davanagere","taluk":"Davanagere","village":"Alur","survey_number":"121","owner_name":"Owner 029","area_sqm":3806.43,"land_use":"Agricultural","data_note":"Synthetic demonstration attributes; geometry and LRI location identifiers retained from Karnataka LRI source."}},{"type":"Feature","geometry":{"type":"MultiPolygon","coordinates":[[[[76.03068057019489,14.484948928296065],[76.02985236557225,14.485235367127645],[76.0297844892726,14.485290030400156],[76.02954621054835,14.485783877749768],[76.02940126684709,14.48608082429029],[76.03008346638123,14.486362286503834],[76.03039261413441,14.486476703046215],[76.03068057019489,14.484948928296065]]]]},"properties":{"source":"REVENUE","record_id":"REV-ALUR-030","district":"Davanagere","taluk":"Davanagere","village":"Alur","survey_number":"122","owner_name":"Owner 030","area_sqm":1891.26,"land_use":"Agricultural","data_note":"Synthetic demonstration attributes; geometry and LRI location identifiers retained from Karnataka LRI source."}},{"type":"Feature","geometry":{"type":"MultiPolygon","coordinates":[[[[76.0297844892726,14.485290030400156],[76.02959159323785,14.48527576440808],[76.02894089259594,14.485219670449258],[76.02854186443611,14.485181183538852],[76.02785215579759,14.48510947546572],[76.02785109817813,14.485487016809511],[76.02940126684709,14.48608082429029],[76.02954621054835,14.485783877749768],[76.0297844892726,14.485290030400156]]]]},"properties":{"source":"REVENUE","record_id":"REV-ALUR-031","district":"Davanagere","taluk":"Davanagere","village":"Alur","survey_number":"123","owner_name":"Owner 031","area_sqm":1945.9,"land_use":"Agricultural","data_note":"Synthetic demonstration attributes; geometry and LRI location identifiers retained from Karnataka LRI source."}},{"type":"Feature","geometry":{"type":"MultiPolygon","coordinates":[[[[76.02785215579343,14.485109474561703],[76.02758847100348,14.485082060760282],[76.02750141101129,14.4850761166821],[76.0272752888928,14.485060467079423],[76.02721091694679,14.48500174743026],[76.02721218324898,14.48502508317819],[76.02722416761927,14.48524686112252],[76.02785109817813,14.485487016809511],[76.02785215579343,14.485109474561703]]]]},"properties":{"source":"REVENUE","record_id":"REV-ALUR-032","district":"Davanagere","taluk":"Davanagere","village":"Alur","survey_number":"123","owner_name":"Owner 032","area_sqm":2250.54,"land_use":"Agricultural","data_note":"Synthetic demonstration attributes; geometry and LRI location identifiers retained from Karnataka LRI source."}},{"type":"Feature","geometry":{"type":"MultiPolygon","coordinates":[[[[76.0285974544686,14.48730125769215],[76.02829419351642,14.486311394703845],[76.02913030592201,14.486483029605957],[76.02923859418567,14.486256266601714],[76.02862113485506,14.486012766452955],[76.02785048119483,14.485706800326287],[76.02784684493164,14.48700524344721],[76.02781040132533,14.487323702598733],[76.0285974544686,14.48730125769215]]]]},"properties":{"source":"REVENUE","record_id":"REV-ALUR-033","district":"Davanagere","taluk":"Davanagere","village":"Alur","survey_number":"124","owner_name":"Owner 033","area_sqm":3142.68,"land_use":"Agricultural","data_note":"Synthetic demonstration attributes; geometry and LRI location identifiers retained from Karnataka LRI source."}},{"type":"Feature","geometry":{"type":"MultiPolygon","coordinates":[[[[76.02781040132533,14.487323702598733],[76.02784684493164,14.48700524344721],[76.02785048119483,14.485706800326287],[76.02723356927294,14.485461870988331],[76.02722274594028,14.486362068640291],[76.02719595277361,14.487298221688473],[76.02719468766936,14.487341260182372],[76.02781040132533,14.487323702598733]]]]},"properties":{"source":"REVENUE","record_id":"REV-ALUR-034","district":"Davanagere","taluk":"Davanagere","village":"Alur","survey_number":"124","owner_name":"Owner 034","area_sqm":2830.23,"land_use":"Agricultural","data_note":"Synthetic demonstration attributes; geometry and LRI location identifiers retained from Karnataka LRI source."}},{"type":"Feature","geometry":{"type":"MultiPolygon","coordinates":[[[[76.0262969583827,14.486313677667201],[76.02694716326074,14.486340424224531],[76.02722274594028,14.486362068640291],[76.02723356927294,14.485461870988331],[76.02677561054723,14.485256743768234],[76.02641352889808,14.48493769536371],[76.026416544275,14.485261443439468],[76.02531895105169,14.485430464091436],[76.02536108518365,14.486389068673578],[76.0262969583827,14.486313677667201]]]]},"properties":{"source":"REVENUE","record_id":"REV-ALUR-035","district":"Davanagere","taluk":"Davanagere","village":"Alur","survey_number":"125","owner_name":"Owner 035","area_sqm":3544.8,"land_use":"Agricultural","data_note":"Synthetic demonstration attributes; geometry and LRI location identifiers retained from Karnataka LRI source."}},{"type":"Feature","geometry":{"type":"MultiPolygon","coordinates":[[[[76.02721091694679,14.48500174743026],[76.02717039019817,14.484995500442714],[76.02697146059533,14.484964695809357],[76.02669344094954,14.48494520238749],[76.02691023417665,14.48513866458957],[76.02722416761927,14.48524686112252],[76.02721218324898,14.48502508317819],[76.02721091694679,14.48500174743026]]]]},"properties":{"source":"REVENUE","record_id":"REV-ALUR-036","district":"Davanagere","taluk":"Davanagere","village":"Alur","survey_number":"126","owner_name":"Owner 036","area_sqm":1191.07,"land_use":"Agricultural","data_note":"Synthetic demonstration attributes; geometry and LRI location identifiers retained from Karnataka LRI source."}},{"type":"Feature","geometry":{"type":"MultiPolygon","coordinates":[[[[76.0277266363145,14.483461833773429],[76.02885100257562,14.48214591088898],[76.02802448346624,14.482129892349349],[76.02751044212746,14.482132129415547],[76.02715595070762,14.48222899891322],[76.02667959039215,14.482439585320567],[76.02682581668854,14.482565279356926],[76.02691124062538,14.482709320480074],[76.02701751285338,14.482781068812331],[76.02736846997257,14.483068368392482],[76.02765590450477,14.483366268236498],[76.02771698106216,14.483575057552656],[76.0277266363145,14.483461833773429]]]]},"properties":{"source":"REVENUE","record_id":"REV-ALUR-037","district":"Davanagere","taluk":"Davanagere","village":"Alur","survey_number":"127","owner_name":"Owner 037","area_sqm":3007.86,"land_use":"Agricultural","data_note":"Synthetic demonstration attributes; geometry and LRI location identifiers retained from Karnataka LRI source."}},{"type":"Feature","geometry":{"type":"MultiPolygon","coordinates":[[[[76.02771698106216,14.483575057552656],[76.0276559054326,14.483366268232443],[76.02736846997257,14.483068368392482],[76.02701751285338,14.482781068812331],[76.02691124062122,14.482709319576058],[76.02682581668854,14.482565279356926],[76.02667959039215,14.482439585320567],[76.02654550556547,14.48255931814104],[76.02642399202144,14.482750491652546],[76.02621712405497,14.483013517965265],[76.0260712397519,14.483228626263147],[76.02596305429347,14.48365804244501],[76.02583060487237,14.4841352261203],[76.02581314102073,14.484191373316712],[76.02669344094954,14.48494520238749],[76.02697146059533,14.484964695809357],[76.02717039019817,14.484995500442714],[76.02721091694679,14.48500174743026],[76.0272752888928,14.485060467079423],[76.02750141101129,14.4850761166821],[76.02758847100348,14.485082060760282],[76.02771698106216,14.483575057552656]]]]},"properties":{"source":"REVENUE","record_id":"REV-ALUR-038","district":"Davanagere","taluk":"Davanagere","village":"Alur","survey_number":"127","owner_name":"Owner 038","area_sqm":3448.69,"land_use":"Agricultural","data_note":"Synthetic demonstration attributes; geometry and LRI location identifiers retained from Karnataka LRI source."}},{"type":"Feature","geometry":{"type":"MultiPolygon","coordinates":[[[[76.02641352889808,14.48493769536371],[76.02575558521922,14.484376415635719],[76.02573411744447,14.484445436586402],[76.02563723720922,14.484672247846294],[76.02545493526382,14.484953042828785],[76.02530360640516,14.485133244364574],[76.02531895105169,14.485430464091436],[76.026416544275,14.485261443439468],[76.02641352889808,14.48493769536371]]]]},"properties":{"source":"REVENUE","record_id":"REV-ALUR-039","district":"Davanagere","taluk":"Davanagere","village":"Alur","survey_number":"128","owner_name":"Owner 039","area_sqm":4642.86,"land_use":"Agricultural","data_note":"Synthetic demonstration attributes; geometry and LRI location identifiers retained from Karnataka LRI source."}},{"type":"Feature","geometry":{"type":"MultiPolygon","coordinates":[[[[76.02463452108441,14.486471462126495],[76.02536108518365,14.486389068673578],[76.02531895105169,14.485430464091436],[76.02530360640516,14.485133244364574],[76.02505322502212,14.485431394252021],[76.02468752568197,14.485754692442523],[76.02419991500673,14.486185756250544],[76.02378206714954,14.486522943076816],[76.02463452108441,14.486471462126495]]]]},"properties":{"source":"REVENUE","record_id":"REV-ALUR-040","district":"Davanagere","taluk":"Davanagere","village":"Alur","survey_number":"129","owner_name":"Owner 040","area_sqm":2239.37,"land_use":"Agricultural","data_note":"Synthetic demonstration attributes; geometry and LRI location identifiers retained from Karnataka LRI source."}},{"type":"Feature","geometry":{"type":"MultiPolygon","coordinates":[[[[76.0163646052699,14.49097355639856],[76.0163272341048,14.490979902551297],[76.01570334671467,14.49105408770708],[76.01487159757095,14.49117681002313],[76.01441895934714,14.49122641991734],[76.01198380972716,14.49135007910834],[76.01182282537322,14.491353074033322],[76.01182971445789,14.491355634439266],[76.01627580087066,14.491988236868245],[76.01628309236538,14.49192595875079],[76.01633725345346,14.491297414072454],[76.01635883308721,14.491043850375943],[76.0163646052699,14.49097355639856]]]]},"properties":{"source":"REVENUE","record_id":"REV-ALUR-041","district":"Davanagere","taluk":"Davanagere","village":"Alur","survey_number":"148","owner_name":"Owner 041","area_sqm":4133.15,"land_use":"Agricultural","data_note":"Synthetic demonstration attributes; geometry and LRI location identifiers retained from Karnataka LRI source."}},{"type":"Feature","geometry":{"type":"MultiPolygon","coordinates":[[[[76.02185975870734,14.487918294707084],[76.0218456080936,14.487714744678998],[76.02140494058258,14.487907697446873],[76.02131834605564,14.487955839414086],[76.02185975870734,14.487918294707084]]]]},"properties":{"source":"REVENUE","record_id":"REV-ALUR-042","district":"Davanagere","taluk":"Davanagere","village":"Alur","survey_number":"150","owner_name":"Owner 042","area_sqm":3817.38,"land_use":"Agricultural","data_note":"Synthetic demonstration attributes; geometry and LRI location identifiers retained from Karnataka LRI source."}},{"type":"Feature","geometry":{"type":"MultiPolygon","coordinates":[[[[76.02114862553971,14.49038585880128],[76.02145276171223,14.489169656191157],[76.02185975870734,14.487918294707084],[76.02131834605564,14.487955839414086],[76.02084334527487,14.48821991536804],[76.02052636495618,14.488495340663087],[76.0202952353622,14.488806136679733],[76.01994292645318,14.489385541435581],[76.01915083496084,14.490151532711902],[76.01852825321649,14.490511677210115],[76.01806380212386,14.490656668659913],[76.0175869543659,14.490765961860177],[76.0163646052699,14.49097355639856],[76.01635883308721,14.491043850375943],[76.01633725345346,14.491297414072454],[76.01628309236538,14.49192595875079],[76.01627580087066,14.491988236868245],[76.01634325766759,14.491997715034156],[76.01827271492758,14.491772979426088],[76.02114862553971,14.49038585880128]]]]},"properties":{"source":"REVENUE","record_id":"REV-ALUR-043","district":"Davanagere","taluk":"Davanagere","village":"Alur","survey_number":"151","owner_name":"Owner 043","area_sqm":4804.56,"land_use":"Agricultural","data_note":"Synthetic demonstration attributes; geometry and LRI location identifiers retained from Karnataka LRI source."}},{"type":"Feature","geometry":{"type":"MultiPolygon","coordinates":[[[[76.02359574127595,14.492529409672489],[76.02406077355994,14.491473921840916],[76.0250992176858,14.491347771389174],[76.02536524564404,14.491314303205522],[76.02509364871018,14.490509060799758],[76.02507136878488,14.49044328636792],[76.0244584813566,14.490101384147147],[76.02432665014214,14.48908861644643],[76.02266269767077,14.489145327277727],[76.02145276171223,14.489169656191157],[76.02114862553971,14.49038585880128],[76.02162937270776,14.492454781906423],[76.02165131887429,14.49246061786341],[76.02227416273887,14.492594426398819],[76.02334007874593,14.49284014097288],[76.0234065875905,14.492855263289043],[76.0234356318992,14.492861850147309],[76.02359574127595,14.492529409672489]],[[76.02457584709552,14.490418312729862],[76.02478179469176,14.49056675410865],[76.02462408545432,14.490692628997488],[76.02450751404885,14.490756196423314],[76.0241502140107,14.491108374075202],[76.02390368934685,14.49135980201002],[76.02372566621317,14.491438440419131],[76.0237292660188,14.491324736853297],[76.02385720032207,14.490729805983316],[76.02401725202417,14.490483464074982],[76.02428579470981,14.490203061594691],[76.02457584709552,14.490418312729862]]]]},"properties":{"source":"REVENUE","record_id":"REV-ALUR-044","district":"Davanagere","taluk":"Davanagere","village":"Alur","survey_number":"152","owner_name":"Owner 044","area_sqm":4133.25,"land_use":"Agricultural","data_note":"Synthetic demonstration attributes; geometry and LRI location identifiers retained from Karnataka LRI source."}},{"type":"Feature","geometry":{"type":"MultiPolygon","coordinates":[[[[76.02266269767077,14.489145327277727],[76.02281210195017,14.487220561400061],[76.02280935298613,14.487222447428996],[76.02228442555784,14.487522600150697],[76.0218456080936,14.487714744678998],[76.02185975870734,14.487918294707084],[76.02145276171223,14.489169656191157],[76.02266269767077,14.489145327277727]]]]},"properties":{"source":"REVENUE","record_id":"REV-ALUR-045","district":"Davanagere","taluk":"Davanagere","village":"Alur","survey_number":"153","owner_name":"Owner 045","area_sqm":4704.73,"land_use":"Agricultural","data_note":"Synthetic demonstration attributes; geometry and LRI location identifiers retained from Karnataka LRI source."}},{"type":"Feature","geometry":{"type":"MultiPolygon","coordinates":[[[[76.02432665014214,14.48908861644643],[76.02463452108441,14.486471462126495],[76.02378206714954,14.486522943076816],[76.02351702974906,14.486736816036059],[76.02281210195017,14.487220561400061],[76.02266269767077,14.489145327277727],[76.02432665014214,14.48908861644643]]]]},"properties":{"source":"REVENUE","record_id":"REV-ALUR-046","district":"Davanagere","taluk":"Davanagere","village":"Alur","survey_number":"154","owner_name":"Owner 046","area_sqm":2704.93,"land_use":"Agricultural","data_note":"Synthetic demonstration attributes; geometry and LRI location identifiers retained from Karnataka LRI source."}},{"type":"Feature","geometry":{"type":"MultiPolygon","coordinates":[[[[76.0262969583827,14.486313677667201],[76.02536108518365,14.486389068673578],[76.02463452108441,14.486471462126495],[76.02432665014214,14.48908861644643],[76.0244584813566,14.490101384147147],[76.02507136878488,14.49044328636792],[76.02515411543325,14.490441783609585],[76.02584751537296,14.490428285336538],[76.0258900168542,14.488846813220702],[76.02590435646238,14.488277847650226],[76.0262969583827,14.486313677667201]]]]},"properties":{"source":"REVENUE","record_id":"REV-ALUR-047","district":"Davanagere","taluk":"Davanagere","village":"Alur","survey_number":"155","owner_name":"Owner 047","area_sqm":4851.43,"land_use":"Agricultural","data_note":"Synthetic demonstration attributes; geometry and LRI location identifiers retained from Karnataka LRI source."}},{"type":"Feature","geometry":{"type":"MultiPolygon","coordinates":[[[[76.02676405930973,14.491386096797795],[76.02669162910686,14.491642334651319],[76.02662111278342,14.491848332341352],[76.02682299271144,14.491867240451501],[76.02676405930973,14.491386096797795]]]]},"properties":{"source":"REVENUE","record_id":"REV-ALUR-048","district":"Davanagere","taluk":"Davanagere","village":"Alur","survey_number":"156","owner_name":"Owner 048","area_sqm":4472.76,"land_use":"Agricultural","data_note":"Synthetic demonstration attributes; geometry and LRI location identifiers retained from Karnataka LRI source."}},{"type":"Feature","geometry":{"type":"MultiPolygon","coordinates":[[[[76.02676405930973,14.491386096797795],[76.02673336880169,14.491135533935667],[76.02657195134745,14.490478848572657],[76.02673788029522,14.490462655622611],[76.0267189906517,14.48870764128768],[76.02679700660522,14.487941277311812],[76.02681491560756,14.48775242301307],[76.02694716326074,14.486340424224531],[76.0262969583827,14.486313677667201],[76.02590435646238,14.488277847650226],[76.0258900168542,14.488846813220702],[76.02584751537296,14.490428285336538],[76.02515411543325,14.490441783609585],[76.02507136878488,14.49044328636792],[76.02509364871018,14.490509060799758],[76.02536524564404,14.491314303205522],[76.02611887441891,14.491220996926314],[76.02611913896322,14.491801317439622],[76.02662111278342,14.491848332341352],[76.02669162910686,14.491642334651319],[76.02676405930973,14.491386096797795]]]]},"properties":{"source":"REVENUE","record_id":"REV-ALUR-049","district":"Davanagere","taluk":"Davanagere","village":"Alur","survey_number":"156","owner_name":"Owner 049","area_sqm":1237.54,"land_use":"Agricultural","data_note":"Synthetic demonstration attributes; geometry and LRI location identifiers retained from Karnataka LRI source."}},{"type":"Feature","geometry":{"type":"MultiPolygon","coordinates":[[[[76.02802392081391,14.492576885296309],[76.02802930534295,14.492013200860479],[76.02682299271144,14.491867240451501],[76.02662111278342,14.491848332341352],[76.02638472901106,14.492538871386213],[76.02647727902996,14.492911869568172],[76.02652264678649,14.493599864103773],[76.02662882216819,14.494111215731424],[76.02664986433842,14.4942128873323],[76.0267286083999,14.494056778979376],[76.02700785915953,14.493499886437766],[76.02774049388908,14.493454620826782],[76.02780704207532,14.49325026838458],[76.02802392081391,14.492576885296309]]]]},"properties":{"source":"REVENUE","record_id":"REV-ALUR-050","district":"Davanagere","taluk":"Davanagere","village":"Alur","survey_number":"157","owner_name":"Owner 050","area_sqm":2839.2,"land_use":"Agricultural","data_note":"Synthetic demonstration attributes; geometry and LRI location identifiers retained from Karnataka LRI source."}},{"type":"Feature","geometry":{"type":"MultiPolygon","coordinates":[[[[76.02662111278342,14.491848332341352],[76.02611913896322,14.491801317439622],[76.02623141566617,14.492015957558436],[76.02634821036966,14.492391694038474],[76.02638472901106,14.492538871386213],[76.02662111278342,14.491848332341352]]]]},"properties":{"source":"REVENUE","record_id":"REV-ALUR-051","district":"Davanagere","taluk":"Davanagere","village":"Alur","survey_number":"157","owner_name":"Owner 051","area_sqm":3615.83,"land_use":"Agricultural","data_note":"Synthetic demonstration attributes; geometry and LRI location identifiers retained from Karnataka LRI source."}},{"type":"Feature","geometry":{"type":"MultiPolygon","coordinates":[[[[76.02664986433842,14.4942128873323],[76.02662882216819,14.494111215731424],[76.02652264678649,14.493599864103773],[76.02633476977566,14.493599879391653],[76.02634698757791,14.494037270293903],[76.026389236988,14.494198711740056],[76.02644127671657,14.494368028837863],[76.02644647374798,14.494375266433567],[76.02664986433842,14.4942128873323]]]]},"properties":{"source":"REVENUE","record_id":"REV-ALUR-052","district":"Davanagere","taluk":"Davanagere","village":"Alur","survey_number":"158","owner_name":"Owner 052","area_sqm":4270.33,"land_use":"Agricultural","data_note":"Synthetic demonstration attributes; geometry and LRI location identifiers retained from Karnataka LRI source."}},{"type":"Feature","geometry":{"type":"MultiPolygon","coordinates":[[[[76.02644647374798,14.494375266433567],[76.02644127671657,14.494368028837863],[76.026389236988,14.494198711740056],[76.02634698757791,14.494037270293903],[76.02633476977566,14.493599879391653],[76.02607165027104,14.493599901304204],[76.02567971875621,14.493731950031444],[76.0250618022171,14.493666640748328],[76.02501022805248,14.49392864806362],[76.024978346592,14.49416161773773],[76.02490552888659,14.494681611756157],[76.0249149320629,14.494970905297643],[76.02496335998534,14.49543102405162],[76.02497539423337,14.495543544676545],[76.02545688467879,14.495346589569984],[76.02569581897185,14.495096852871749],[76.02612915065801,14.494628604346362],[76.02644647374798,14.494375266433567]]]]},"properties":{"source":"REVENUE","record_id":"REV-ALUR-053","district":"Davanagere","taluk":"Davanagere","village":"Alur","survey_number":"158","owner_name":"Owner 053","area_sqm":1485.91,"land_use":"Agricultural","data_note":"Synthetic demonstration attributes; geometry and LRI location identifiers retained from Karnataka LRI source."}},{"type":"Feature","geometry":{"type":"MultiPolygon","coordinates":[[[[76.02472242056429,14.492467315806131],[76.02480032387501,14.492175289113803],[76.02508419614065,14.492181407899116],[76.02512580664833,14.491959842643926],[76.0252571036167,14.491957166104966],[76.02535780002135,14.491955111205753],[76.02546440626791,14.492462491239337],[76.02578738588937,14.492496339699196],[76.02634821036966,14.492391694038474],[76.02623141566617,14.492015957558436],[76.02611913896322,14.491801317439622],[76.02611887441891,14.491220996926314],[76.02536524564404,14.491314303205522],[76.0250992176858,14.491347771389174],[76.02406077355994,14.491473921840916],[76.02359574127595,14.492529409672489],[76.02472242056429,14.492467315806131]]]]},"properties":{"source":"REVENUE","record_id":"REV-ALUR-054","district":"Davanagere","taluk":"Davanagere","village":"Alur","survey_number":"159","owner_name":"Owner 054","area_sqm":3582.52,"land_use":"Agricultural","data_note":"Synthetic demonstration attributes; geometry and LRI location identifiers retained from Karnataka LRI source."}},{"type":"Feature","geometry":{"type":"MultiPolygon","coordinates":[[[[76.02509750943696,14.492834327089582],[76.02511910895612,14.49249419364273],[76.02472242056429,14.492467315806131],[76.02359574127595,14.492529409672489],[76.0234356318992,14.492861850147309],[76.02509750943696,14.492834327089582]]]]},"properties":{"source":"REVENUE","record_id":"REV-ALUR-055","district":"Davanagere","taluk":"Davanagere","village":"Alur","survey_number":"160","owner_name":"Owner 055","area_sqm":2137.16,"land_use":"Agricultural","data_note":"Synthetic demonstration attributes; geometry and LRI location identifiers retained from Karnataka LRI source."}},{"type":"Feature","geometry":{"type":"MultiPolygon","coordinates":[[[[76.0250618022171,14.493666640748328],[76.02509750943696,14.492834327089582],[76.0234356318992,14.492861850147309],[76.0234065875905,14.492855263289043],[76.02326095379193,14.49347025474621],[76.02324559144816,14.493535937446518],[76.0232628639473,14.493777575071105],[76.02329430472345,14.49378003181268],[76.02501022805248,14.49392864806362],[76.0250618022171,14.493666640748328]]]]},"properties":{"source":"REVENUE","record_id":"REV-ALUR-056","district":"Davanagere","taluk":"Davanagere","village":"Alur","survey_number":"161","owner_name":"Owner 056","area_sqm":534.52,"land_use":"Agricultural","data_note":"Synthetic demonstration attributes; geometry and LRI location identifiers retained from Karnataka LRI source."}},{"type":"Feature","geometry":{"type":"MultiPolygon","coordinates":[[[[76.02497539423337,14.495543544676545],[76.02496335998534,14.49543102405162],[76.0249149320629,14.494970905297643],[76.02490552888659,14.494681611756157],[76.024978346592,14.49416161773773],[76.02501022805248,14.49392864806362],[76.02329430472345,14.49378003181268],[76.0232628639473,14.493777575071105],[76.02329193219416,14.493872671419448],[76.02370540956241,14.495311271307202],[76.02375950637128,14.495480939934842],[76.02400157193127,14.495682270346828],[76.02449468476297,14.495822625204946],[76.02457927513429,14.495846531428143],[76.02494252375813,14.49555693129688],[76.02497539423337,14.495543544676545]]]]},"properties":{"source":"REVENUE","record_id":"REV-ALUR-057","district":"Davanagere","taluk":"Davanagere","village":"Alur","survey_number":"162","owner_name":"Owner 057","area_sqm":1199.22,"land_use":"Agricultural","data_note":"Synthetic demonstration attributes; geometry and LRI location identifiers retained from Karnataka LRI source."}},{"type":"Feature","geometry":{"type":"MultiPolygon","coordinates":[[[[76.02375950637128,14.495480939934842],[76.02370540956241,14.495311271307202],[76.02329193219416,14.493872671419448],[76.0232628639473,14.493777575071105],[76.02324559144816,14.493535937446518],[76.02326095379193,14.49347025474621],[76.0234065875905,14.492855263289043],[76.02334007874593,14.49284014097288],[76.02227416273887,14.492594426398819],[76.02165131887429,14.49246061786341],[76.02162937270776,14.492454781906423],[76.02165751558245,14.492571689697638],[76.0219876073531,14.493802283149492],[76.02201530604867,14.493905395402379],[76.02200423865663,14.4939073257478],[76.02197721220965,14.49391203581192],[76.0223805674634,14.49515051826712],[76.02257162008499,14.495733622221046],[76.02311530309083,14.495540543331687],[76.02361103953668,14.495443643627409],[76.02369583277056,14.495427905550384],[76.02375950637128,14.495480939934842]]]]},"properties":{"source":"REVENUE","record_id":"REV-ALUR-058","district":"Davanagere","taluk":"Davanagere","village":"Alur","survey_number":"163","owner_name":"Owner 058","area_sqm":4958.54,"land_use":"Agricultural","data_note":"Synthetic demonstration attributes; geometry and LRI location identifiers retained from Karnataka LRI source."}},{"type":"Feature","geometry":{"type":"MultiPolygon","coordinates":[[[[76.02257162008499,14.495733622221046],[76.0223805674634,14.49515051826712],[76.02197721220965,14.49391203581192],[76.02067596808757,14.494377789809706],[76.02056448732921,14.496534835561762],[76.0205375360915,14.496613227692503],[76.02135300600943,14.496615897835404],[76.02158436543374,14.496392278440343],[76.02161644321667,14.496370656338058],[76.02257162008499,14.495733622221046]]]]},"properties":{"source":"REVENUE","record_id":"REV-ALUR-059","district":"Davanagere","taluk":"Davanagere","village":"Alur","survey_number":"164","owner_name":"Owner 059","area_sqm":1347.86,"land_use":"Agricultural","data_note":"Synthetic demonstration attributes; geometry and LRI location identifiers retained from Karnataka LRI source."}},{"type":"Feature","geometry":{"type":"MultiPolygon","coordinates":[[[[76.02413085729918,14.497594316583365],[76.0242157784606,14.496956026740037],[76.02426001775355,14.496622047876778],[76.02428338367388,14.496447008904495],[76.02428926706082,14.496239462932405],[76.02378537095396,14.496095822418319],[76.02378345365109,14.495859103758862],[76.02355272955424,14.49584047080415],[76.02350803940567,14.496882210732876],[76.02339948143032,14.497640965757018],[76.02413085729918,14.497594316583365]]]]},"properties":{"source":"REVENUE","record_id":"REV-ALUR-060","district":"Davanagere","taluk":"Davanagere","village":"Alur","survey_number":"165","owner_name":"Owner 060","area_sqm":1318.47,"land_use":"Agricultural","data_note":"Synthetic demonstration attributes; geometry and LRI location identifiers retained from Karnataka LRI source."}},{"type":"Feature","geometry":{"type":"MultiPolygon","coordinates":[[[[76.02163712291565,14.497764044993191],[76.02223150580889,14.497706317357208],[76.02259368589765,14.497677870237178],[76.02311705426277,14.49765000696787],[76.02339948143032,14.497640965757018],[76.02350803940567,14.496882210732876],[76.02355272955424,14.49584047080415],[76.02301157788338,14.49579859267841],[76.02218264010682,14.496249145356785],[76.02132088844704,14.496842367325016],[76.0204787966667,14.496787100252716],[76.02047774353659,14.496787311852],[76.02045735660406,14.496846725962685],[76.02058801255262,14.497774689879753],[76.02082821334739,14.49777931258016],[76.02122173664236,14.497787311331034],[76.02163712291565,14.497764044993191]]]]},"properties":{"source":"REVENUE","record_id":"REV-ALUR-061","district":"Davanagere","taluk":"Davanagere","village":"Alur","survey_number":"166","owner_name":"Owner 061","area_sqm":3409.82,"land_use":"Agricultural","data_note":"Synthetic demonstration attributes; geometry and LRI location identifiers retained from Karnataka LRI source."}},{"type":"Feature","geometry":{"type":"MultiPolygon","coordinates":[[[[76.02111375117887,14.505332012724],[76.02094757078837,14.503657260836599],[76.02091720128722,14.503316310328994],[76.02088624672861,14.502383684789116],[76.02088329555414,14.502327487413757],[76.02080041004295,14.500988738049271],[76.02064444575976,14.499642993296936],[76.02060211644768,14.498210033906947],[76.02058801255262,14.497774689879753],[76.02045735660406,14.496846725962685],[76.02014633033187,14.497208066731197],[76.02013573459922,14.498660513254514],[76.02015381057168,14.499064916627367],[76.02018808966491,14.499883919030232],[76.02029697706448,14.501674225738395],[76.02029674859125,14.501842028382864],[76.02028210545527,14.503372144926056],[76.02030878005127,14.50409153541178],[76.02032108358671,14.504228759713897],[76.02045029939464,14.50554875591403],[76.02111375117887,14.505332012724]]]]},"properties":{"source":"REVENUE","record_id":"REV-ALUR-062","district":"Davanagere","taluk":"Davanagere","village":"Alur","survey_number":"167","owner_name":"Owner 062","area_sqm":3123.45,"land_use":"Agricultural","data_note":"Synthetic demonstration attributes; geometry and LRI location identifiers retained from Karnataka LRI source."}},{"type":"Feature","geometry":{"type":"MultiPolygon","coordinates":[[[[76.02045029939464,14.50554875591403],[76.02032108358671,14.504228759713897],[76.02030878005127,14.50409153541178],[76.02028210545527,14.503372144926056],[76.02029674859125,14.501842028382864],[76.02029697706448,14.501674225738395],[76.02018808966491,14.499883919030232],[76.02015381057168,14.499064916627367],[76.02013573459922,14.498660513254514],[76.02014633033187,14.497208066731197],[76.02045735660406,14.496846725962685],[76.02047774353659,14.496787311852],[76.02031818537955,14.496819448232651],[76.02013235705569,14.496995330016665],[76.01998100008511,14.497088038942055],[76.01960712186359,14.497227597217037],[76.01962912072976,14.497407390431588],[76.0197287826086,14.497645799584948],[76.01966427278806,14.499047577629762],[76.01970824341215,14.499812891746622],[76.01977088865328,14.50100896643414],[76.01980501788812,14.501933057296059],[76.01984230244163,14.503267141604397],[76.01981252337453,14.504568607435463],[76.01988384864296,14.504618365813467],[76.01993529726212,14.504654276616977],[76.02000571955719,14.505689245754048],[76.02045029939464,14.50554875591403]]]]},"properties":{"source":"REVENUE","record_id":"REV-ALUR-063","district":"Davanagere","taluk":"Davanagere","village":"Alur","survey_number":"168","owner_name":"Owner 063","area_sqm":3613.27,"land_use":"Agricultural","data_note":"Synthetic demonstration attributes; geometry and LRI location identifiers retained from Karnataka LRI source."}},{"type":"Feature","geometry":{"type":"MultiPolygon","coordinates":[[[[76.0205375360915,14.496613227692503],[76.02056448732921,14.496534835561762],[76.02067596808757,14.494377789809706],[76.01959037641376,14.494693662023876],[76.01952332733934,14.495539529719485],[76.01966423544178,14.49569460583759],[76.01963305856646,14.495776707404062],[76.01949121800955,14.496151166367623],[76.01958437485185,14.49703982460451],[76.01959601790712,14.497034281144138],[76.0196431097216,14.497023464254738],[76.01972643310934,14.496994317140961],[76.01983625639448,14.496964741248506],[76.01990854693625,14.496920377324747],[76.0199740603248,14.49685072076001],[76.02007593470995,14.496768330238273],[76.02016955198967,14.49671928383673],[76.02022619237304,14.496680802549118],[76.02029670480353,14.496656497754357],[76.02034265555596,14.49664941393146],[76.0205049658066,14.496613235393488],[76.0205375360915,14.496613227692503]]]]},"properties":{"source":"REVENUE","record_id":"REV-ALUR-064","district":"Davanagere","taluk":"Davanagere","village":"Alur","survey_number":"168","owner_name":"Owner 064","area_sqm":1658.96,"land_use":"Agricultural","data_note":"Synthetic demonstration attributes; geometry and LRI location identifiers retained from Karnataka LRI source."}},{"type":"Feature","geometry":{"type":"MultiPolygon","coordinates":[[[[76.02000571955719,14.505689245754048],[76.01993529726212,14.504654276616977],[76.01988384864296,14.504618365813467],[76.01981252337453,14.504568607435463],[76.01984230244163,14.503267141604397],[76.01980501788812,14.501933057296059],[76.01977088865328,14.50100896643414],[76.01970824341215,14.499812891746622],[76.01966427278806,14.499047577629762],[76.0197287826086,14.497645799584948],[76.01962912072976,14.497407390431588],[76.01960712186359,14.497227597217037],[76.01960062095526,14.497230031979205],[76.01941462435488,14.49731248455826],[76.0192599180418,14.497503639939339],[76.01924402983111,14.497521779659882],[76.01932825222028,14.498063884645978],[76.01934647202886,14.498528506311716],[76.01937173537043,14.499336201630218],[76.01937603924893,14.500051154219262],[76.01937666415161,14.5002097248251],[76.01949973677311,14.500918629993663],[76.01953183233165,14.50156654055749],[76.0194926398826,14.502083113998811],[76.01947393528303,14.50232282162049],[76.0194372390716,14.50307396698768],[76.01945612162191,14.504629665162213],[76.0194980171016,14.505046903559052],[76.01957257825747,14.505748704328141],[76.02000571955719,14.505689245754048]]]]},"properties":{"source":"REVENUE","record_id":"REV-ALUR-065","district":"Davanagere","taluk":"Davanagere","village":"Alur","survey_number":"169","owner_name":"Owner 065","area_sqm":3527.36,"land_use":"Agricultural","data_note":"Synthetic demonstration attributes; geometry and LRI location identifiers retained from Karnataka LRI source."}},{"type":"Feature","geometry":{"type":"MultiPolygon","coordinates":[[[[76.01958437485185,14.49703982460451],[76.01949121800955,14.496151166367623],[76.01963305856646,14.495776707404062],[76.01966423544178,14.49569460583759],[76.01952332733934,14.495539529719485],[76.01959037641376,14.494693662023876],[76.01878496055164,14.494949785438893],[76.01916346299825,14.496223470423162],[76.01920997809387,14.497299229867524],[76.01935364094393,14.497167866576714],[76.0194562293081,14.497134190805637],[76.0195235319243,14.497068799968666],[76.01957891770324,14.49704243202641],[76.01958437485185,14.49703982460451]]]]},"properties":{"source":"REVENUE","record_id":"REV-ALUR-066","district":"Davanagere","taluk":"Davanagere","village":"Alur","survey_number":"169","owner_name":"Owner 066","area_sqm":4218.54,"land_use":"Agricultural","data_note":"Synthetic demonstration attributes; geometry and LRI location identifiers retained from Karnataka LRI source."}},{"type":"Feature","geometry":{"type":"MultiPolygon","coordinates":[[[[76.01920997809387,14.497299229867524],[76.01916346299825,14.496223470423162],[76.01878496055164,14.494949785438893],[76.01834477714596,14.495081967374984],[76.0181138594418,14.49521746264756],[76.01854906355062,14.49778440181144],[76.01855586288046,14.497851955365848],[76.01856108503412,14.497851320688076],[76.01871303386666,14.497832861256382],[76.01880811220907,14.497760005746676],[76.01887700104207,14.497705995435082],[76.01894738664227,14.497627639246183],[76.01904562890445,14.49750421441402],[76.01912579611367,14.497401440215054],[76.01920997809387,14.497299229867524]]]]},"properties":{"source":"REVENUE","record_id":"REV-ALUR-067","district":"Davanagere","taluk":"Davanagere","village":"Alur","survey_number":"170","owner_name":"Owner 067","area_sqm":1284.62,"land_use":"Agricultural","data_note":"Synthetic demonstration attributes; geometry and LRI location identifiers retained from Karnataka LRI source."}},{"type":"Feature","geometry":{"type":"MultiPolygon","coordinates":[[[[76.01889418354557,14.497929036125928],[76.01877609141263,14.497965190890822],[76.01857129679698,14.498004290868643],[76.01868684811201,14.50057040343678],[76.01878310441816,14.501789035881137],[76.01910700931101,14.501809677147154],[76.01909331687759,14.501323197132876],[76.019028959365,14.500603332254625],[76.0189783393988,14.500060909730939],[76.01894607978983,14.499329746028055],[76.01889418354557,14.497929036125928]]]]},"properties":{"source":"REVENUE","record_id":"REV-ALUR-068","district":"Davanagere","taluk":"Davanagere","village":"Alur","survey_number":"171","owner_name":"Owner 068","area_sqm":2282.27,"land_use":"Agricultural","data_note":"Synthetic demonstration attributes; geometry and LRI location identifiers retained from Karnataka LRI source."}},{"type":"Feature","geometry":{"type":"MultiPolygon","coordinates":[[[[76.01957257825747,14.505748704328141],[76.0194980171016,14.505046903559052],[76.01945612162191,14.504629665162213],[76.0194372390716,14.50307396698768],[76.01947393528303,14.50232282162049],[76.0194926398826,14.502083113998811],[76.01953183233165,14.50156654055749],[76.01949973677311,14.500918629993663],[76.01937666415161,14.5002097248251],[76.01937603924893,14.500051154219262],[76.01937173537043,14.499336201630218],[76.01934647202886,14.498528506311716],[76.01932825222028,14.498063884645978],[76.01924402983111,14.497521779659882],[76.01906199883591,14.49772972120669],[76.01889418354557,14.497929036125928],[76.01894607978983,14.499329746028055],[76.0189783393988,14.500060909730939],[76.019028959365,14.500603332254625],[76.01909331687759,14.501323197132876],[76.01910700931101,14.501809677147154],[76.01878310441816,14.501789035881137],[76.0187851320545,14.50198557895344],[76.0187897119185,14.504286040012135],[76.01881389798919,14.505638071372829],[76.01890696728692,14.505702925280486],[76.01903481499377,14.505791934091839],[76.01957257825747,14.505748704328141]]]]},"properties":{"source":"REVENUE","record_id":"REV-ALUR-069","district":"Davanagere","taluk":"Davanagere","village":"Alur","survey_number":"172","owner_name":"Owner 069","area_sqm":911.58,"land_use":"Agricultural","data_note":"Synthetic demonstration attributes; geometry and LRI location identifiers retained from Karnataka LRI source."}},{"type":"Feature","geometry":{"type":"MultiPolygon","coordinates":[[[[76.0187897119185,14.504286040012135],[76.0183128777143,14.504330563899618],[76.01832272335334,14.5049469271655],[76.01881389798919,14.505638071372829],[76.0187897119185,14.504286040012135]]]]},"properties":{"source":"REVENUE","record_id":"REV-ALUR-070","district":"Davanagere","taluk":"Davanagere","village":"Alur","survey_number":"173","owner_name":"Owner 070","area_sqm":1489.19,"land_use":"Agricultural","data_note":"Synthetic demonstration attributes; geometry and LRI location identifiers retained from Karnataka LRI source."}},{"type":"Feature","geometry":{"type":"MultiPolygon","coordinates":[[[[76.0187897119185,14.504286040012135],[76.0187851320545,14.50198557895344],[76.01878310441816,14.501789035881137],[76.01868684811201,14.50057040343678],[76.01857129679698,14.498004290868643],[76.01841430500966,14.498081334647445],[76.01818298954554,14.498350219712146],[76.01798580524964,14.498599872442684],[76.01779584579074,14.498889277649768],[76.01778544795224,14.498895656386482],[76.01807190037698,14.499669834840043],[76.01824673902729,14.501034484261345],[76.01829582829404,14.50149198396548],[76.01832277900989,14.501749750609518],[76.0183128777143,14.504330563899618],[76.0187897119185,14.504286040012135]]]]},"properties":{"source":"REVENUE","record_id":"REV-ALUR-071","district":"Davanagere","taluk":"Davanagere","village":"Alur","survey_number":"174","owner_name":"Owner 071","area_sqm":1670.82,"land_use":"Agricultural","data_note":"Synthetic demonstration attributes; geometry and LRI location identifiers retained from Karnataka LRI source."}},{"type":"Feature","geometry":{"type":"MultiPolygon","coordinates":[[[[76.01855586288046,14.497851955365848],[76.01854906355062,14.49778440181144],[76.0181138594418,14.49521746264756],[76.01800243191097,14.495283114807501],[76.01752410178635,14.495523364580741],[76.01728792911511,14.496517127288827],[76.01747558343249,14.497477871375319],[76.01772409289794,14.49865243632301],[76.01774495837009,14.498647044641624],[76.01782944631931,14.498584784582397],[76.017900807454,14.498525253715673],[76.0179506618861,14.498459930762708],[76.01798651200902,14.498387440726301],[76.01804205809717,14.498298524860866],[76.01808685590464,14.498230889578318],[76.01813167239217,14.498163286752845],[76.01817983160929,14.498094151552946],[76.01830824291454,14.497948022430345],[76.01841307326562,14.49789110544147],[76.01853890176594,14.497854014178507],[76.01855586288046,14.497851955365848]]]]},"properties":{"source":"REVENUE","record_id":"REV-ALUR-072","district":"Davanagere","taluk":"Davanagere","village":"Alur","survey_number":"174","owner_name":"Owner 072","area_sqm":2590.37,"land_use":"Agricultural","data_note":"Synthetic demonstration attributes; geometry and LRI location identifiers retained from Karnataka LRI source."}},{"type":"Feature","geometry":{"type":"MultiPolygon","coordinates":[[[[76.0181138594418,14.49521746264756],[76.01834477714596,14.495081967374984],[76.01878496055164,14.494949785438893],[76.01959037641376,14.494693662023876],[76.02067596808757,14.494377789809706],[76.02197721220965,14.49391203581192],[76.02200423865663,14.4939073257478],[76.02201530604867,14.493905395402379],[76.0219876073531,14.493802283149492],[76.02165751558245,14.492571689697638],[76.02162937270776,14.492454781906423],[76.02114862553971,14.49038585880128],[76.01827271492758,14.491772979426088],[76.01634325766759,14.491997715034156],[76.0168106549469,14.493459990679693],[76.01684313730355,14.493554760426917],[76.0169447210683,14.493850865676684],[76.01749418294182,14.495437620625934],[76.01752410178635,14.495523364580741],[76.01800243191097,14.495283114807501],[76.0181138594418,14.49521746264756]]]]},"properties":{"source":"REVENUE","record_id":"REV-ALUR-073","district":"Davanagere","taluk":"Davanagere","village":"Alur","survey_number":"175","owner_name":"Owner 073","area_sqm":1134.36,"land_use":"Agricultural","data_note":"Synthetic demonstration attributes; geometry and LRI location identifiers retained from Karnataka LRI source."}},{"type":"Feature","geometry":{"type":"MultiPolygon","coordinates":[[[[76.01634325766759,14.491997715034156],[76.01627580087066,14.491988236868245],[76.01182971445789,14.491355634439266],[76.01182282537322,14.491353074033322],[76.01175224353932,14.49135438685039],[76.01253669042465,14.49248016434271],[76.01353837058558,14.494071871143936],[76.01330945711501,14.494484357587943],[76.01283149700254,14.495346315928582],[76.01284867022812,14.495347466860107],[76.01595433497482,14.495523450574636],[76.01686953543205,14.495523917029125],[76.01697889560657,14.495523877570024],[76.01748015119847,14.495523426568344],[76.01752410178635,14.495523364580741],[76.01749418294182,14.495437620625934],[76.0169447210683,14.493850865676684],[76.01684313730355,14.493554760426917],[76.0168106549469,14.493459990679693],[76.01634325766759,14.491997715034156]]]]},"properties":{"source":"REVENUE","record_id":"REV-ALUR-074","district":"Davanagere","taluk":"Davanagere","village":"Alur","survey_number":"176","owner_name":"Owner 074","area_sqm":652.64,"land_use":"Agricultural","data_note":"Synthetic demonstration attributes; geometry and LRI location identifiers retained from Karnataka LRI source."}},{"type":"Feature","geometry":{"type":"MultiPolygon","coordinates":[[[[76.01526885760596,14.497161769371123],[76.01533624878371,14.496311241105209],[76.01596890785707,14.496346888448903],[76.01596273300957,14.496013376120317],[76.01596097063751,14.495914334732422],[76.01595433497482,14.495523450574636],[76.01284867022812,14.495347466860107],[76.01283149700254,14.495346315928582],[76.01307857221803,14.496090915392758],[76.01310785504256,14.496180384669666],[76.01344122558714,14.497229555918906],[76.01526885760596,14.497161769371123]]]]},"properties":{"source":"REVENUE","record_id":"REV-ALUR-075","district":"Davanagere","taluk":"Davanagere","village":"Alur","survey_number":"177","owner_name":"Owner 075","area_sqm":3055.94,"land_use":"Agricultural","data_note":"Synthetic demonstration attributes; geometry and LRI location identifiers retained from Karnataka LRI source."}},{"type":"Feature","geometry":{"type":"MultiPolygon","coordinates":[[[[76.01387767716952,14.498580218208582],[76.01344122558714,14.497229555918906],[76.01310785504256,14.496180384669666],[76.01307857221803,14.496090915392758],[76.01283149700254,14.495346315928582],[76.01253060037996,14.49591541660248],[76.0122375633926,14.496428486980864],[76.0120838412338,14.496696911810083],[76.0114103357605,14.498468727589696],[76.01114904226561,14.499199791872924],[76.01112565398762,14.499403527117053],[76.01110976679637,14.499542370765539],[76.01116441161214,14.499538429855223],[76.01180793217654,14.499398716554946],[76.01185728055493,14.499525039411054],[76.01248042259755,14.499417004590025],[76.01270313235806,14.499479824251297],[76.01285241396002,14.49952357508983],[76.0129394235386,14.499549043562295],[76.01299910098338,14.499445784658295],[76.01315449644262,14.499209562879988],[76.01328122441242,14.49904883972158],[76.0135601856193,14.498726631353064],[76.01387767716952,14.498580218208582]]]]},"properties":{"source":"REVENUE","record_id":"REV-ALUR-076","district":"Davanagere","taluk":"Davanagere","village":"Alur","survey_number":"178","owner_name":"Owner 076","area_sqm":3998.82,"land_use":"Agricultural","data_note":"Synthetic demonstration attributes; geometry and LRI location identifiers retained from Karnataka LRI source."}},{"type":"Feature","geometry":{"type":"MultiPolygon","coordinates":[[[[76.01518553045847,14.498584167190625],[76.01526885760596,14.497161769371123],[76.01344122558714,14.497229555918906],[76.01387767716952,14.498580218208582],[76.01436182218046,14.499103133880377],[76.014890105973,14.498816466052963],[76.01518553045847,14.498584167190625]]]]},"properties":{"source":"REVENUE","record_id":"REV-ALUR-077","district":"Davanagere","taluk":"Davanagere","village":"Alur","survey_number":"179","owner_name":"Owner 077","area_sqm":3139.17,"land_use":"Agricultural","data_note":"Synthetic demonstration attributes; geometry and LRI location identifiers retained from Karnataka LRI source."}},{"type":"Feature","geometry":{"type":"MultiPolygon","coordinates":[[[[76.01596890785707,14.496346888448903],[76.01533624878371,14.496311241105209],[76.01526885760596,14.497161769371123],[76.01518553045847,14.498584167190625],[76.01565984014451,14.498750131902826],[76.01581075430852,14.498768718067735],[76.01596890785707,14.496346888448903]]]]},"properties":{"source":"REVENUE","record_id":"REV-ALUR-078","district":"Davanagere","taluk":"Davanagere","village":"Alur","survey_number":"180","owner_name":"Owner 078","area_sqm":4121.36,"land_use":"Agricultural","data_note":"Synthetic demonstration attributes; geometry and LRI location identifiers retained from Karnataka LRI source."}},{"type":"Feature","geometry":{"type":"MultiPolygon","coordinates":[[[[76.017470404933,14.49874544791016],[76.01741587719667,14.498611275590314],[76.01711945944321,14.49666246922739],[76.01719928276314,14.496593599412233],[76.01723416086355,14.496563509396177],[76.01728792911511,14.496517127288827],[76.01752410178635,14.495523364580741],[76.01748015119847,14.495523426568344],[76.01697889560657,14.495523877570024],[76.01686953543205,14.495523917029125],[76.01595433497482,14.495523450574636],[76.01596097063751,14.495914334732422],[76.01596273300957,14.496013376120317],[76.01596890785707,14.496346888448903],[76.01581075430852,14.498768718067735],[76.01624069545686,14.498679164835679],[76.01653726676584,14.498491381404097],[76.01693113975605,14.498542339257183],[76.01693335345865,14.498642768139051],[76.01704408975489,14.498853126259874],[76.01711695874539,14.498903967426429],[76.01723270245671,14.498910572797556],[76.0172799874018,14.498892345129132],[76.01737158029151,14.49883733555913],[76.01744722016409,14.498797510552905],[76.01747002321632,14.498754928385999],[76.017470404933,14.49874544791016]]]]},"properties":{"source":"REVENUE","record_id":"REV-ALUR-079","district":"Davanagere","taluk":"Davanagere","village":"Alur","survey_number":"181","owner_name":"Owner 079","area_sqm":1148.71,"land_use":"Agricultural","data_note":"Synthetic demonstration attributes; geometry and LRI location identifiers retained from Karnataka LRI source."}},{"type":"Feature","geometry":{"type":"MultiPolygon","coordinates":[[[[76.01758214003664,14.499020414705026],[76.01755377431478,14.499037826391355],[76.01710092627582,14.499125868434287],[76.01729479236039,14.500284042389525],[76.01732140353933,14.501586163427564],[76.01776457539486,14.501660297886723],[76.01817872765785,14.501729372669487],[76.01816680457235,14.501493690631415],[76.01814968797035,14.501168831669013],[76.01785576092097,14.499696882942787],[76.01758214003664,14.499020414705026]]]]},"properties":{"source":"REVENUE","record_id":"REV-ALUR-080","district":"Davanagere","taluk":"Davanagere","village":"Alur","survey_number":"182","owner_name":"Owner 080","area_sqm":4590.51,"land_use":"Agricultural","data_note":"Synthetic demonstration attributes; geometry and LRI location identifiers retained from Karnataka LRI source."}},{"type":"Feature","geometry":{"type":"MultiPolygon","coordinates":[[[[76.01817872765785,14.501729372669487],[76.01776457539486,14.501660297886723],[76.01732140353933,14.501586163427564],[76.01732376505745,14.501737210426697],[76.01733120993005,14.502311565740419],[76.01726482818722,14.503131975084203],[76.01728993044478,14.504925303109221],[76.0172918526667,14.505023176570303],[76.0182214836723,14.505205501018086],[76.01821969934932,14.505087939805339],[76.01817872765785,14.501729372669487]]]]},"properties":{"source":"REVENUE","record_id":"REV-ALUR-081","district":"Davanagere","taluk":"Davanagere","village":"Alur","survey_number":"183","owner_name":"Owner 081","area_sqm":629.2,"land_use":"Agricultural","data_note":"Synthetic demonstration attributes; geometry and LRI location identifiers retained from Karnataka LRI source."}},{"type":"Feature","geometry":{"type":"MultiPolygon","coordinates":[[[[76.01732140353933,14.501586163427564],[76.01729479236039,14.500284042389525],[76.01710092627582,14.499125868434287],[76.0166968865734,14.49878000395084],[76.01624105240452,14.499020475135021],[76.0163500834642,14.501840090404677],[76.01636538308782,14.501839272932143],[76.01665196345856,14.501823971018712],[76.0167740346195,14.504834167206038],[76.01677821131473,14.504928745654977],[76.0172918526667,14.505023176570303],[76.01728993044478,14.504925303109221],[76.01726482818722,14.503131975084203],[76.01733120993005,14.502311565740419],[76.01732376505745,14.501737210426697],[76.01732140353933,14.501586163427564]]]]},"properties":{"source":"REVENUE","record_id":"REV-ALUR-082","district":"Davanagere","taluk":"Davanagere","village":"Alur","survey_number":"184","owner_name":"Owner 082","area_sqm":3696.65,"land_use":"Agricultural","data_note":"Synthetic demonstration attributes; geometry and LRI location identifiers retained from Karnataka LRI source."}},{"type":"Feature","geometry":{"type":"MultiPolygon","coordinates":[[[[76.01624105240452,14.499020475135021],[76.01595894371977,14.498978614631458],[76.01612560953704,14.501836557020077],[76.0163500834642,14.501840090404677],[76.01624105240452,14.499020475135021]]]]},"properties":{"source":"REVENUE","record_id":"REV-ALUR-083","district":"Davanagere","taluk":"Davanagere","village":"Alur","survey_number":"185","owner_name":"Owner 083","area_sqm":4435.42,"land_use":"Agricultural","data_note":"Synthetic demonstration attributes; geometry and LRI location identifiers retained from Karnataka LRI source."}},{"type":"Feature","geometry":{"type":"MultiPolygon","coordinates":[[[[76.01578993014826,14.502179356354194],[76.01575199943132,14.5017937399712],[76.01541232637425,14.49891119855226],[76.0149280805784,14.499035522814133],[76.01534258044887,14.50193336712052],[76.01549673524013,14.502333422936195],[76.01578993014826,14.502179356354194]]]]},"properties":{"source":"REVENUE","record_id":"REV-ALUR-084","district":"Davanagere","taluk":"Davanagere","village":"Alur","survey_number":"186","owner_name":"Owner 084","area_sqm":4297.97,"land_use":"Agricultural","data_note":"Synthetic demonstration attributes; geometry and LRI location identifiers retained from Karnataka LRI source."}},{"type":"Feature","geometry":{"type":"MultiPolygon","coordinates":[[[[76.0163500834642,14.501840090404677],[76.01612560953704,14.501836557020077],[76.01595894371977,14.498978614631458],[76.01541232637425,14.49891119855226],[76.01575199943132,14.5017937399712],[76.01578993014826,14.502179356354194],[76.01581134270165,14.50226480457535],[76.01585426045219,14.502437895607063],[76.01604766796923,14.502437970997729],[76.01620266224226,14.502428730934371],[76.01641281569749,14.502410008247523],[76.01645956142296,14.504406419927314],[76.01647038235791,14.504782840000178],[76.01647310498103,14.504873380099927],[76.01677821131473,14.504928745654977],[76.0167740346195,14.504834167206038],[76.01665196345856,14.501823971018712],[76.01636538308782,14.501839272932143],[76.0163500834642,14.501840090404677]]]]},"properties":{"source":"REVENUE","record_id":"REV-ALUR-085","district":"Davanagere","taluk":"Davanagere","village":"Alur","survey_number":"187","owner_name":"Owner 085","area_sqm":3761.43,"land_use":"Agricultural","data_note":"Synthetic demonstration attributes; geometry and LRI location identifiers retained from Karnataka LRI source."}},{"type":"Feature","geometry":{"type":"MultiPolygon","coordinates":[[[[76.01620266224226,14.502428730934371],[76.01626063038908,14.503561122006756],[76.01626052083594,14.504281259773036],[76.01626223175775,14.504747800202425],[76.0162626436023,14.50482691786917],[76.01647310498103,14.504873380099927],[76.01647038235791,14.504782840000178],[76.01645956142296,14.504406419927314],[76.01641281569749,14.502410008247523],[76.01620266224226,14.502428730934371]]]]},"properties":{"source":"REVENUE","record_id":"REV-ALUR-086","district":"Davanagere","taluk":"Davanagere","village":"Alur","survey_number":"188","owner_name":"Owner 086","area_sqm":3863.44,"land_use":"Agricultural","data_note":"Synthetic demonstration attributes; geometry and LRI location identifiers retained from Karnataka LRI source."}},{"type":"Feature","geometry":{"type":"MultiPolygon","coordinates":[[[[76.01620266224226,14.502428730934371],[76.01604766796923,14.502437970997729],[76.0160026911504,14.502851369965455],[76.01606334184083,14.503444744891336],[76.01606702196145,14.504159529776523],[76.01607214995674,14.504715596634277],[76.01607307410073,14.504801869344382],[76.0162626436023,14.50482691786917],[76.01626223175775,14.504747800202425],[76.01626052083594,14.504281259773036],[76.01626063038908,14.503561122006756],[76.01620266224226,14.502428730934371]]]]},"properties":{"source":"REVENUE","record_id":"REV-ALUR-087","district":"Davanagere","taluk":"Davanagere","village":"Alur","survey_number":"189","owner_name":"Owner 087","area_sqm":1130.83,"land_use":"Agricultural","data_note":"Synthetic demonstration attributes; geometry and LRI location identifiers retained from Karnataka LRI source."}},{"type":"Feature","geometry":{"type":"MultiPolygon","coordinates":[[[[76.01607307410073,14.504801869344382],[76.01607214995674,14.504715596634277],[76.01606702196145,14.504159529776523],[76.01606334184083,14.503444744891336],[76.0160026911504,14.502851369965455],[76.01604766796923,14.502437970997729],[76.01585426045219,14.502437895607063],[76.01581134270165,14.50226480457535],[76.01578993014826,14.502179356354194],[76.01549673524013,14.502333422936195],[76.0149876924456,14.502571621671741],[76.01501728094922,14.502650190176054],[76.01510025585404,14.50287194156892],[76.01511762246152,14.503560630360472],[76.01514499898641,14.504452826902451],[76.0154654059684,14.504525451213912],[76.01547551690525,14.504613655912182],[76.01551118126257,14.504922765309582],[76.01607307410073,14.504801869344382]]]]},"properties":{"source":"REVENUE","record_id":"REV-ALUR-088","district":"Davanagere","taluk":"Davanagere","village":"Alur","survey_number":"190","owner_name":"Owner 088","area_sqm":4777.43,"land_use":"Agricultural","data_note":"Synthetic demonstration attributes; geometry and LRI location identifiers retained from Karnataka LRI source."}},{"type":"Feature","geometry":{"type":"MultiPolygon","coordinates":[[[[76.0149876924456,14.502571621671741],[76.01424639443576,14.502813370250493],[76.01405214923125,14.502877478215161],[76.01391009767069,14.502924547380315],[76.01407145119775,14.503974060380541],[76.01365424295452,14.504446297442112],[76.01477411399374,14.504431898875616],[76.01514499898641,14.504452826902451],[76.01511762246152,14.503560630360472],[76.01510025585404,14.50287194156892],[76.01501728094922,14.502650190176054],[76.0149876924456,14.502571621671741]]]]},"properties":{"source":"REVENUE","record_id":"REV-ALUR-089","district":"Davanagere","taluk":"Davanagere","village":"Alur","survey_number":"191","owner_name":"Owner 089","area_sqm":1054.26,"land_use":"Agricultural","data_note":"Synthetic demonstration attributes; geometry and LRI location identifiers retained from Karnataka LRI source."}},{"type":"Feature","geometry":{"type":"MultiPolygon","coordinates":[[[[76.0149876924456,14.502571621671741],[76.01549673524013,14.502333422936195],[76.01534258044887,14.50193336712052],[76.0149280805784,14.499035522814133],[76.0145559843532,14.499243351254602],[76.01421288525508,14.499269957192297],[76.01390701453606,14.498907796965474],[76.01352139227238,14.499128302565564],[76.01327985874588,14.499766275261237],[76.01304204954016,14.499971572031049],[76.01327884845563,14.501160370322562],[76.01357394755857,14.501828449613296],[76.01391009767069,14.502924547380315],[76.01405214923125,14.502877478215161],[76.01424639443576,14.502813370250493],[76.0149876924456,14.502571621671741]]]]},"properties":{"source":"REVENUE","record_id":"REV-ALUR-090","district":"Davanagere","taluk":"Davanagere","village":"Alur","survey_number":"192","owner_name":"Owner 090","area_sqm":2799.82,"land_use":"Agricultural","data_note":"Synthetic demonstration attributes; geometry and LRI location identifiers retained from Karnataka LRI source."}},{"type":"Feature","geometry":{"type":"MultiPolygon","coordinates":[[[[76.01365424295452,14.504446297442112],[76.01407145119775,14.503974060380541],[76.01391009767069,14.502924547380315],[76.01357394755857,14.501828449613296],[76.0126124968627,14.502124599767004],[76.01190687929667,14.502580425982861],[76.01198582869894,14.503427755598599],[76.01196271353713,14.504059756599752],[76.01202501028091,14.50447838918563],[76.01211337504938,14.504972834022505],[76.0125876784515,14.504989776378784],[76.01299636675766,14.505003141552104],[76.0134315542264,14.504636570427863],[76.01365424295452,14.504446297442112]]]]},"properties":{"source":"REVENUE","record_id":"REV-ALUR-091","district":"Davanagere","taluk":"Davanagere","village":"Alur","survey_number":"193","owner_name":"Owner 091","area_sqm":1477.62,"land_use":"Agricultural","data_note":"Synthetic demonstration attributes; geometry and LRI location identifiers retained from Karnataka LRI source."}},{"type":"Feature","geometry":{"type":"MultiPolygon","coordinates":[[[[76.01357394755857,14.501828449613296],[76.01327884845563,14.501160370322562],[76.01304204954016,14.499971572031049],[76.01288511070634,14.499908279235303],[76.01274519661676,14.49986074532542],[76.01243627633038,14.499854309747748],[76.01185091399945,14.49983820925102],[76.01181216253693,14.49985912206156],[76.0117880777012,14.501000138614872],[76.01190687929667,14.502580425982861],[76.0126124968627,14.502124599767004],[76.01357394755857,14.501828449613296]]]]},"properties":{"source":"REVENUE","record_id":"REV-ALUR-092","district":"Davanagere","taluk":"Davanagere","village":"Alur","survey_number":"194","owner_name":"Owner 092","area_sqm":2087.98,"land_use":"Agricultural","data_note":"Synthetic demonstration attributes; geometry and LRI location identifiers retained from Karnataka LRI source."}},{"type":"Feature","geometry":{"type":"MultiPolygon","coordinates":[[[[76.01190687929667,14.502580425982861],[76.0117880777012,14.501000138614872],[76.01181216253693,14.49985912206156],[76.01152397761552,14.499844742571968],[76.0112073270246,14.499919364873634],[76.01106100140814,14.499970262978776],[76.01104501819397,14.499975830145193],[76.01108901486468,14.500843110307247],[76.0111999331037,14.501662498300233],[76.01113269026301,14.504010439983515],[76.01196271353713,14.504059756599752],[76.01198582869894,14.503427755598599],[76.01190687929667,14.502580425982861]]]]},"properties":{"source":"REVENUE","record_id":"REV-ALUR-093","district":"Davanagere","taluk":"Davanagere","village":"Alur","survey_number":"195","owner_name":"Owner 093","area_sqm":727.85,"land_use":"Agricultural","data_note":"Synthetic demonstration attributes; geometry and LRI location identifiers retained from Karnataka LRI source."}},{"type":"Feature","geometry":{"type":"MultiPolygon","coordinates":[[[[76.01104501819397,14.499975830145193],[76.01101967963662,14.499984657767307],[76.01083681654096,14.499913061284653],[76.0106892723146,14.499855860443352],[76.01059048465754,14.499855140130384],[76.01047241387911,14.499887984696876],[76.01039426280889,14.49994636107938],[76.01027060728607,14.499987707644996],[76.01008529878743,14.500065283765396],[76.00991301786257,14.50008421662575],[76.0097797617362,14.50007533969992],[76.00963995045021,14.500024388007489],[76.00956242010969,14.499973606970878],[76.0094607955577,14.499920186616935],[76.00943337253867,14.499905794669445],[76.00934334343196,14.499842560807956],[76.00898302369835,14.49997205311191],[76.00898287079472,14.499981118562372],[76.00897373959783,14.500536184954829],[76.00891919783739,14.500604993302215],[76.00892982483462,14.500848643857125],[76.00896642784932,14.501671744613027],[76.0111999331037,14.501662498300233],[76.01108901486468,14.500843110307247],[76.01104501819397,14.499975830145193]]]]},"properties":{"source":"REVENUE","record_id":"REV-ALUR-094","district":"Davanagere","taluk":"Davanagere","village":"Alur","survey_number":"196","owner_name":"Owner 094","area_sqm":2910.74,"land_use":"Agricultural","data_note":"Synthetic demonstration attributes; geometry and LRI location identifiers retained from Karnataka LRI source."}},{"type":"Feature","geometry":{"type":"MultiPolygon","coordinates":[[[[76.01110976679637,14.499542370765539],[76.01112565398762,14.499403527117053],[76.01114904226561,14.499199791872924],[76.00965517455113,14.499730941339417],[76.00969722809563,14.499759068699625],[76.0098147489675,14.499794704166646],[76.00997107085055,14.49978918181679],[76.01007703953647,14.499773082614976],[76.01008158507013,14.499772393173288],[76.01033730315687,14.49968526225989],[76.01049098512318,14.499612621576123],[76.01067965327042,14.499588915895306],[76.01076269275634,14.499585464014645],[76.0108502784429,14.499557938798128],[76.01094444471518,14.499545924733978],[76.01102827387149,14.499553734578793],[76.01110976679637,14.499542370765539]]]]},"properties":{"source":"REVENUE","record_id":"REV-ALUR-095","district":"Davanagere","taluk":"Davanagere","village":"Alur","survey_number":"196","owner_name":"Owner 095","area_sqm":4634.24,"land_use":"Agricultural","data_note":"Synthetic demonstration attributes; geometry and LRI location identifiers retained from Karnataka LRI source."}},{"type":"Feature","geometry":{"type":"MultiPolygon","coordinates":[[[[76.0111999331037,14.501662498300233],[76.00896642784932,14.501671744613027],[76.00896957788255,14.501748964880903],[76.00914658472864,14.502252346646788],[76.00922506466779,14.503122533957393],[76.00922851071573,14.503886183658233],[76.00941383181716,14.503898113166615],[76.01113269026301,14.504010439983515],[76.0111999331037,14.501662498300233]]]]},"properties":{"source":"REVENUE","record_id":"REV-ALUR-096","district":"Davanagere","taluk":"Davanagere","village":"Alur","survey_number":"197","owner_name":"Owner 096","area_sqm":1123.98,"land_use":"Agricultural","data_note":"Synthetic demonstration attributes; geometry and LRI location identifiers retained from Karnataka LRI source."}},{"type":"Feature","geometry":{"type":"MultiPolygon","coordinates":[[[[76.00896642784932,14.501671744613027],[76.00892982483462,14.500848643857125],[76.00891919783739,14.500604993302215],[76.00860179186641,14.500897670433954],[76.00874308343853,14.501104842341256],[76.00896957788255,14.501748964880903],[76.00896642784932,14.501671744613027]]]]},"properties":{"source":"REVENUE","record_id":"REV-ALUR-097","district":"Davanagere","taluk":"Davanagere","village":"Alur","survey_number":"199","owner_name":"Owner 097","area_sqm":860.48,"land_use":"Agricultural","data_note":"Synthetic demonstration attributes; geometry and LRI location identifiers retained from Karnataka LRI source."}},{"type":"Feature","geometry":{"type":"MultiPolygon","coordinates":[[[[76.01196271353713,14.504059756599752],[76.01113269026301,14.504010439983515],[76.00941383181716,14.503898113166615],[76.00922851071573,14.503886183658233],[76.00923086800358,14.504408763586586],[76.00972315708238,14.504378098385056],[76.01190492199461,14.504472432062126],[76.01202501028091,14.50447838918563],[76.01196271353713,14.504059756599752]]]]},"properties":{"source":"REVENUE","record_id":"REV-ALUR-098","district":"Davanagere","taluk":"Davanagere","village":"Alur","survey_number":"201","owner_name":"Owner 098","area_sqm":2660.18,"land_use":"Agricultural","data_note":"Synthetic demonstration attributes; geometry and LRI location identifiers retained from Karnataka LRI source."}},{"type":"Feature","geometry":{"type":"MultiPolygon","coordinates":[[[[76.01211337504938,14.504972834022505],[76.01202501028091,14.50447838918563],[76.01190492199461,14.504472432062126],[76.00972315708238,14.504378098385056],[76.00923086800358,14.504408763586586],[76.00923215636894,14.50469427315356],[76.00920983056487,14.504933483564566],[76.01089447142209,14.505001747667835],[76.01200618309753,14.504975479338222],[76.01211337504938,14.504972834022505]]]]},"properties":{"source":"REVENUE","record_id":"REV-ALUR-099","district":"Davanagere","taluk":"Davanagere","village":"Alur","survey_number":"202","owner_name":"Owner 099","area_sqm":625.81,"land_use":"Agricultural","data_note":"Synthetic demonstration attributes; geometry and LRI location identifiers retained from Karnataka LRI source."}},{"type":"Feature","geometry":{"type":"MultiPolygon","coordinates":[[[[76.01299636675766,14.505003141552104],[76.0125876784515,14.504989776378784],[76.01211337504938,14.504972834022505],[76.01200618309753,14.504975479338222],[76.01089447142209,14.505001747667835],[76.00920983056487,14.504933483564566],[76.00916626744328,14.505400247550162],[76.00956590831323,14.50542692611824],[76.01077044964931,14.505423024359347],[76.0124118259829,14.505536850763972],[76.01299636675766,14.505003141552104]]]]},"properties":{"source":"REVENUE","record_id":"REV-ALUR-100","district":"Davanagere","taluk":"Davanagere","village":"Alur","survey_number":"203","owner_name":"Owner 100","area_sqm":3421.81,"land_use":"Agricultural","data_note":"Synthetic demonstration attributes; geometry and LRI location identifiers retained from Karnataka LRI source."}},{"type":"Feature","geometry":{"type":"MultiPolygon","coordinates":[[[[76.01224709832634,14.505715729620952],[76.0124118259829,14.505536850763972],[76.01077044964931,14.505423024359347],[76.00956590831323,14.50542692611824],[76.00916626744328,14.505400247550162],[76.00910360495101,14.506071644864504],[76.00925800743957,14.506090456828499],[76.01228197564053,14.506172178595827],[76.01224709832634,14.505715729620952]]]]},"properties":{"source":"REVENUE","record_id":"REV-ALUR-101","district":"Davanagere","taluk":"Davanagere","village":"Alur","survey_number":"204","owner_name":"Owner 101","area_sqm":4701.95,"land_use":"Agricultural","data_note":"Synthetic demonstration attributes; geometry and LRI location identifiers retained from Karnataka LRI source."}},{"type":"Feature","geometry":{"type":"MultiPolygon","coordinates":[[[[76.01551118126257,14.504922765309582],[76.01547551690525,14.504613655912182],[76.0154654059684,14.504525451213912],[76.01514499898641,14.504452826902451],[76.01477411399374,14.504431898875616],[76.01365424295452,14.504446297442112],[76.0134315542264,14.504636570427863],[76.01299636675766,14.505003141552104],[76.0124118259829,14.505536850763972],[76.01224709832634,14.505715729620952],[76.01254348342869,14.505768040139323],[76.0129260838746,14.505761361451098],[76.01340233584972,14.505870756736506],[76.01387260205352,14.505842487550046],[76.01510123116036,14.506064162964673],[76.0152142430989,14.505899088117719],[76.01523353219108,14.50570742219704],[76.01545739043802,14.50570632477013],[76.01551118126257,14.504922765309582]]]]},"properties":{"source":"REVENUE","record_id":"REV-ALUR-102","district":"Davanagere","taluk":"Davanagere","village":"Alur","survey_number":"205","owner_name":"Owner 102","area_sqm":4327.79,"land_use":"Agricultural","data_note":"Synthetic demonstration attributes; geometry and LRI location identifiers retained from Karnataka LRI source."}},{"type":"Feature","geometry":{"type":"MultiPolygon","coordinates":[[[[76.01510123116036,14.506064162964673],[76.01387260205352,14.505842487550046],[76.01340233584972,14.505870756736506],[76.0129260838746,14.505761361451098],[76.01254348342869,14.505768040139323],[76.01224709832634,14.505715729620952],[76.01228197564053,14.506172178595827],[76.01391516264175,14.506269013628813],[76.01507079479988,14.506310882272647],[76.01510123116036,14.506064162964673]]]]},"properties":{"source":"REVENUE","record_id":"REV-ALUR-103","district":"Davanagere","taluk":"Davanagere","village":"Alur","survey_number":"206","owner_name":"Owner 103","area_sqm":3098.24,"land_use":"Agricultural","data_note":"Synthetic demonstration attributes; geometry and LRI location identifiers retained from Karnataka LRI source."}},{"type":"Feature","geometry":{"type":"MultiPolygon","coordinates":[[[[76.0150602001066,14.506496373085474],[76.01507079479988,14.506310882272647],[76.01391516264175,14.506269013628813],[76.01228197564053,14.506172178595827],[76.01234193463159,14.506499751043874],[76.01238114340417,14.506612750234252],[76.01238578085734,14.5066261362019],[76.01319863745216,14.506685619048532],[76.01400508783563,14.506578324716303],[76.0150602001066,14.506496373085474]]]]},"properties":{"source":"REVENUE","record_id":"REV-ALUR-104","district":"Davanagere","taluk":"Davanagere","village":"Alur","survey_number":"207","owner_name":"Owner 104","area_sqm":1864.77,"land_use":"Agricultural","data_note":"Synthetic demonstration attributes; geometry and LRI location identifiers retained from Karnataka LRI source."}},{"type":"Feature","geometry":{"type":"MultiPolygon","coordinates":[[[[76.01234193463159,14.506499751043874],[76.01228197564053,14.506172178595827],[76.00925800743957,14.506090456828499],[76.00910360495101,14.506071644864504],[76.00908991837755,14.50621828892962],[76.00910195512176,14.506537807372954],[76.0092957590789,14.506558779628447],[76.01234193463159,14.506499751043874]]]]},"properties":{"source":"REVENUE","record_id":"REV-ALUR-105","district":"Davanagere","taluk":"Davanagere","village":"Alur","survey_number":"208","owner_name":"Owner 105","area_sqm":3095.77,"land_use":"Agricultural","data_note":"Synthetic demonstration attributes; geometry and LRI location identifiers retained from Karnataka LRI source."}},{"type":"Feature","geometry":{"type":"MultiPolygon","coordinates":[[[[76.01238578085734,14.5066261362019],[76.01238114340417,14.506612750234252],[76.01234193463159,14.506499751043874],[76.0092957590789,14.506558779628447],[76.00910195512176,14.506537807372954],[76.00910928358616,14.506732355570392],[76.0092208088856,14.506741138015835],[76.01238578085734,14.5066261362019]]]]},"properties":{"source":"REVENUE","record_id":"REV-ALUR-106","district":"Davanagere","taluk":"Davanagere","village":"Alur","survey_number":"209","owner_name":"Owner 106","area_sqm":1476.33,"land_use":"Agricultural","data_note":"Synthetic demonstration attributes; geometry and LRI location identifiers retained from Karnataka LRI source."}},{"type":"Feature","geometry":{"type":"MultiPolygon","coordinates":[[[[76.01217721781533,14.506821509294964],[76.01243348820239,14.50678741589626],[76.01239032509889,14.506641472579483],[76.01238578085734,14.5066261362019],[76.0092208088856,14.506741138015835],[76.00910928358616,14.506732355570392],[76.00911750755674,14.506950673398906],[76.00928689956093,14.506963487670244],[76.01217721781533,14.506821509294964]]]]},"properties":{"source":"REVENUE","record_id":"REV-ALUR-107","district":"Davanagere","taluk":"Davanagere","village":"Alur","survey_number":"210","owner_name":"Owner 107","area_sqm":1793.54,"land_use":"Agricultural","data_note":"Synthetic demonstration attributes; geometry and LRI location identifiers retained from Karnataka LRI source."}},{"type":"Feature","geometry":{"type":"MultiPolygon","coordinates":[[[[76.01127232159887,14.507001696423922],[76.01159353034394,14.506899161566489],[76.01217721781533,14.506821509294964],[76.00928689956093,14.506963487670244],[76.00911750755674,14.506950673398906],[76.00911815204884,14.506967788586074],[76.00919443377538,14.507180376048934],[76.01111963316531,14.507035829731313],[76.01127232159887,14.507001696423922]]]]},"properties":{"source":"REVENUE","record_id":"REV-ALUR-108","district":"Davanagere","taluk":"Davanagere","village":"Alur","survey_number":"211","owner_name":"Owner 108","area_sqm":1930.01,"land_use":"Agricultural","data_note":"Synthetic demonstration attributes; geometry and LRI location identifiers retained from Karnataka LRI source."}},{"type":"Feature","geometry":{"type":"MultiPolygon","coordinates":[[[[76.01319863745216,14.506685619048532],[76.01238578085734,14.5066261362019],[76.01239032509889,14.506641472579483],[76.01243348820239,14.50678741589626],[76.01319863745216,14.506685619048532]]]]},"properties":{"source":"REVENUE","record_id":"REV-ALUR-109","district":"Davanagere","taluk":"Davanagere","village":"Alur","survey_number":"212","owner_name":"Owner 109","area_sqm":4131.05,"land_use":"Agricultural","data_note":"Synthetic demonstration attributes; geometry and LRI location identifiers retained from Karnataka LRI source."}},{"type":"Feature","geometry":{"type":"MultiPolygon","coordinates":[[[[76.00960859243533,14.507532774593589],[76.01127232159887,14.507001696423922],[76.01111963316531,14.507035829731313],[76.00919443377538,14.507180376048934],[76.00933069377075,14.507560116221004],[76.00960859243533,14.507532774593589]]]]},"properties":{"source":"REVENUE","record_id":"REV-ALUR-110","district":"Davanagere","taluk":"Davanagere","village":"Alur","survey_number":"214","owner_name":"Owner 110","area_sqm":4282.71,"land_use":"Agricultural","data_note":"Synthetic demonstration attributes; geometry and LRI location identifiers retained from Karnataka LRI source."}},{"type":"Feature","geometry":{"type":"MultiPolygon","coordinates":[[[[76.02887542355452,14.506552911818813],[76.02989431280791,14.504729219913068],[76.02938706619044,14.504536249224131],[76.02929628620994,14.50450164395898],[76.02914401578661,14.504443522178894],[76.02906349882524,14.504412736574787],[76.0280936424323,14.504055920758642],[76.02807723708271,14.504050193217562],[76.02805342955992,14.504141810052948],[76.02796609044275,14.504478705342546],[76.02794467611722,14.504561097782485],[76.02766301367149,14.505625906261184],[76.02761339084356,14.505802491350082],[76.0275527911669,14.506013850207404],[76.02753027989786,14.506091243593863],[76.0275711665503,14.506113722424722],[76.0286121989293,14.506668514091844],[76.02884164286561,14.506561980865529],[76.02887542355452,14.506552911818813]]]]},"properties":{"source":"REVENUE","record_id":"REV-ALUR-111","district":"Davanagere","taluk":"Davanagere","village":"Alur","survey_number":"279","owner_name":"Owner 111","area_sqm":1999.75,"land_use":"Agricultural","data_note":"Synthetic demonstration attributes; geometry and LRI location identifiers retained from Karnataka LRI source."}},{"type":"Feature","geometry":{"type":"MultiPolygon","coordinates":[[[[76.04956999083093,14.50488937412747],[76.04864544761126,14.504719759315782],[76.04673984761756,14.504386906092199],[76.04569656049162,14.504214222457435],[76.04558740955508,14.503236653991223],[76.0455640788323,14.503028391829394],[76.04535909263768,14.501242318065529],[76.04531332750449,14.5008500709012],[76.0440629461646,14.502740693997378],[76.04393403420433,14.502936549282781],[76.04287888786129,14.504621454953542],[76.04303423171866,14.50471323356122],[76.04459118614625,14.505617867741963],[76.04565336889897,14.50595714936633],[76.04673199857218,14.5061066024645],[76.04730265591607,14.506104062824834],[76.04809436668238,14.505915455121016],[76.0485683273128,14.505574014432025],[76.0493270300083,14.505107913226801],[76.04956999083093,14.50488937412747]]]]},"properties":{"source":"REVENUE","record_id":"REV-ALUR-112","district":"Davanagere","taluk":"Davanagere","village":"Alur","survey_number":"33","owner_name":"Owner 112","area_sqm":1422.44,"land_use":"Agricultural","data_note":"Synthetic demonstration attributes; geometry and LRI location identifiers retained from Karnataka LRI source."}},{"type":"Feature","geometry":{"type":"MultiPolygon","coordinates":[[[[76.02461134195634,14.508517632000949],[76.02216849423448,14.508230670720033],[76.02139503487129,14.50814137488555],[76.02209755724262,14.50848577543424],[76.02263557901897,14.508668909208218],[76.02314004043096,14.508714062386536],[76.02361407534633,14.508659044562323],[76.02461134195634,14.508517632000949]]]]},"properties":{"source":"REVENUE","record_id":"REV-ALUR-113","district":"Davanagere","taluk":"Davanagere","village":"Alur","survey_number":"48","owner_name":"Owner 113","area_sqm":3850.11,"land_use":"Agricultural","data_note":"Synthetic demonstration attributes; geometry and LRI location identifiers retained from Karnataka LRI source."}},{"type":"Feature","geometry":{"type":"MultiPolygon","coordinates":[[[[76.02567323555112,14.508367049858057],[76.02428692706488,14.508204126707279],[76.0221630827829,14.507955881326355],[76.02079831481606,14.507848841178602],[76.02139503487129,14.50814137488555],[76.02216849423448,14.508230670720033],[76.02461134195634,14.508517632000949],[76.02567323555112,14.508367049858057]]]]},"properties":{"source":"REVENUE","record_id":"REV-ALUR-114","district":"Davanagere","taluk":"Davanagere","village":"Alur","survey_number":"49","owner_name":"Owner 114","area_sqm":1457.7,"land_use":"Agricultural","data_note":"Synthetic demonstration attributes; geometry and LRI location identifiers retained from Karnataka LRI source."}},{"type":"Feature","geometry":{"type":"MultiPolygon","coordinates":[[[[76.02639423954459,14.508102872152818],[76.0234255142082,14.507879846115978],[76.02039092940107,14.507649124682665],[76.02079831481606,14.507848841178602],[76.0221630827829,14.507955881326355],[76.02428692706488,14.508204126707279],[76.02567323555112,14.508367049858057],[76.02570759739666,14.50836217703716],[76.02639423954459,14.508102872152818]]]]},"properties":{"source":"REVENUE","record_id":"REV-ALUR-115","district":"Davanagere","taluk":"Davanagere","village":"Alur","survey_number":"50","owner_name":"Owner 115","area_sqm":665.12,"land_use":"Agricultural","data_note":"Synthetic demonstration attributes; geometry and LRI location identifiers retained from Karnataka LRI source."}},{"type":"Feature","geometry":{"type":"MultiPolygon","coordinates":[[[[76.02719882292885,14.507657556095271],[76.02722529064661,14.507531335754154],[76.02187268427045,14.507071859745254],[76.01968639234606,14.507026018775912],[76.01902391460253,14.506978951998917],[76.02039092940107,14.507649124682665],[76.0234255142082,14.507879846115978],[76.02639423954459,14.508102872152818],[76.02686393864518,14.507925493264118],[76.02719882292885,14.507657556095271]]]]},"properties":{"source":"REVENUE","record_id":"REV-ALUR-116","district":"Davanagere","taluk":"Davanagere","village":"Alur","survey_number":"51","owner_name":"Owner 116","area_sqm":2415.51,"land_use":"Agricultural","data_note":"Synthetic demonstration attributes; geometry and LRI location identifiers retained from Karnataka LRI source."}},{"type":"Feature","geometry":{"type":"MultiPolygon","coordinates":[[[[76.02733847042661,14.506975280306067],[76.02461127694313,14.506665678794318],[76.02243027877026,14.506584115339157],[76.01987431709327,14.50664525357042],[76.01967990416718,14.506644821596595],[76.01968639234606,14.507026018775912],[76.02187268427045,14.507071859745254],[76.02722529064661,14.507531335754154],[76.02733847042661,14.506975280306067]]]]},"properties":{"source":"REVENUE","record_id":"REV-ALUR-117","district":"Davanagere","taluk":"Davanagere","village":"Alur","survey_number":"52","owner_name":"Owner 117","area_sqm":3156.97,"land_use":"Agricultural","data_note":"Synthetic demonstration attributes; geometry and LRI location identifiers retained from Karnataka LRI source."}},{"type":"Feature","geometry":{"type":"MultiPolygon","coordinates":[[[[76.02750932017653,14.50616281092473],[76.02438803821354,14.505889079667362],[76.02252262995725,14.50589748210166],[76.01997916867684,14.506217799574491],[76.01987431709327,14.50664525357042],[76.02243027877026,14.506584115339157],[76.02461127694313,14.506665678794318],[76.02733847042661,14.506975280306067],[76.02750932017653,14.50616281092473]]]]},"properties":{"source":"REVENUE","record_id":"REV-ALUR-118","district":"Davanagere","taluk":"Davanagere","village":"Alur","survey_number":"53","owner_name":"Owner 118","area_sqm":1854.07,"land_use":"Agricultural","data_note":"Synthetic demonstration attributes; geometry and LRI location identifiers retained from Karnataka LRI source."}},{"type":"Feature","geometry":{"type":"MultiPolygon","coordinates":[[[[76.0286121989293,14.506668514091844],[76.0275711665503,14.506113722424722],[76.02753027989786,14.506091243593863],[76.02750932017653,14.50616281092473],[76.02733847042661,14.506975280306067],[76.02722529064661,14.507531335754154],[76.02719882292885,14.507657556095271],[76.02818993021226,14.506864575577966],[76.0286121989293,14.506668514091844]]]]},"properties":{"source":"REVENUE","record_id":"REV-ALUR-119","district":"Davanagere","taluk":"Davanagere","village":"Alur","survey_number":"54","owner_name":"Owner 119","area_sqm":1098.79,"land_use":"Agricultural","data_note":"Synthetic demonstration attributes; geometry and LRI location identifiers retained from Karnataka LRI source."}},{"type":"Feature","geometry":{"type":"MultiPolygon","coordinates":[[[[76.03178676056163,14.501539962973954],[76.02961154451138,14.499043028987934],[76.02969645105395,14.499253755790882],[76.02998213516132,14.499884102364414],[76.03052843046346,14.501107236659061],[76.03077494667855,14.501743649865121],[76.03107918909663,14.502241539216055],[76.03126360133989,14.50241490307089],[76.03178676056163,14.501539962973954]]]]},"properties":{"source":"REVENUE","record_id":"REV-ALUR-120","district":"Davanagere","taluk":"Davanagere","village":"Alur","survey_number":"55","owner_name":"Owner 120","area_sqm":1854.82,"land_use":"Agricultural","data_note":"Synthetic demonstration attributes; geometry and LRI location identifiers retained from Karnataka LRI source."}},{"type":"Feature","geometry":{"type":"MultiPolygon","coordinates":[[[[76.03102840675898,14.5028082436137],[76.03126360133989,14.50241490307089],[76.03107918909663,14.502241539216055],[76.03077494667855,14.501743649865121],[76.03052842953555,14.501107236663136],[76.02998213516132,14.499884102364414],[76.02969645105395,14.499253755790882],[76.0296115454393,14.49904302898387],[76.0294304222369,14.498835115037323],[76.02938927693086,14.498950282102875],[76.02915182205672,14.499848394248634],[76.02892227965181,14.500742672790116],[76.02870895292892,14.501525565576303],[76.02867553544762,14.501648361279376],[76.0288969965601,14.50171601623874],[76.02890650207894,14.501719006718433],[76.02879822259494,14.502156001789178],[76.02855969523252,14.50208564975061],[76.02852582777724,14.502254942752554],[76.0294588710009,14.502564045592923],[76.02955273741811,14.502595440653945],[76.03061275276038,14.50295318757397],[76.03072256034487,14.50299080515033],[76.0308991915684,14.503051264406125],[76.03102840675898,14.5028082436137]]]]},"properties":{"source":"REVENUE","record_id":"REV-ALUR-121","district":"Davanagere","taluk":"Davanagere","village":"Alur","survey_number":"55","owner_name":"Owner 121","area_sqm":992.27,"land_use":"Agricultural","data_note":"Synthetic demonstration attributes; geometry and LRI location identifiers retained from Karnataka LRI source."}},{"type":"Feature","geometry":{"type":"MultiPolygon","coordinates":[[[[76.0341976768784,14.504737966035421],[76.0328427004713,14.503912949645741],[76.03323377683449,14.504290065497237],[76.03398660888534,14.505106277957916],[76.0341976768784,14.504737966035421]]]]},"properties":{"source":"REVENUE","record_id":"REV-ALUR-122","district":"Davanagere","taluk":"Davanagere","village":"Alur","survey_number":"56","owner_name":"Owner 122","area_sqm":1137.25,"land_use":"Agricultural","data_note":"Synthetic demonstration attributes; geometry and LRI location identifiers retained from Karnataka LRI source."}},{"type":"Feature","geometry":{"type":"MultiPolygon","coordinates":[[[[76.03381019831099,14.50541411287302],[76.03398660888534,14.505106277957916],[76.0332337768303,14.50429006459323],[76.0328426995434,14.503912949649822],[76.03102840675898,14.5028082436137],[76.0308991915684,14.503051264406125],[76.02989431280791,14.504729219913068],[76.02887542355452,14.506552911818813],[76.03292773569615,14.505464992273623],[76.03381019831099,14.50541411287302]]]]},"properties":{"source":"REVENUE","record_id":"REV-ALUR-123","district":"Davanagere","taluk":"Davanagere","village":"Alur","survey_number":"56","owner_name":"Owner 123","area_sqm":1253.68,"land_use":"Agricultural","data_note":"Synthetic demonstration attributes; geometry and LRI location identifiers retained from Karnataka LRI source."}},{"type":"Feature","geometry":{"type":"MultiPolygon","coordinates":[[[[76.0352489330719,14.505331160054764],[76.0341976768784,14.504737966035421],[76.03398660888534,14.505106277957916],[76.0342472960705,14.505388910730694],[76.0352489330719,14.505331160054764]]]]},"properties":{"source":"REVENUE","record_id":"REV-ALUR-124","district":"Davanagere","taluk":"Davanagere","village":"Alur","survey_number":"57","owner_name":"Owner 124","area_sqm":4519.89,"land_use":"Agricultural","data_note":"Synthetic demonstration attributes; geometry and LRI location identifiers retained from Karnataka LRI source."}},{"type":"Feature","geometry":{"type":"MultiPolygon","coordinates":[[[[76.03398660888534,14.505106277957916],[76.03381019831099,14.50541411287302],[76.0342472960705,14.505388910730694],[76.03398660888534,14.505106277957916]]]]},"properties":{"source":"REVENUE","record_id":"REV-ALUR-125","district":"Davanagere","taluk":"Davanagere","village":"Alur","survey_number":"57","owner_name":"Owner 125","area_sqm":1040.2,"land_use":"Agricultural","data_note":"Synthetic demonstration attributes; geometry and LRI location identifiers retained from Karnataka LRI source."}},{"type":"Feature","geometry":{"type":"MultiPolygon","coordinates":[[[[76.04287888786129,14.504621454953542],[76.04264774219571,14.504997078920445],[76.04459118614625,14.505617867741963],[76.04303423171866,14.50471323356122],[76.04287888786129,14.504621454953542]]]]},"properties":{"source":"REVENUE","record_id":"REV-ALUR-126","district":"Davanagere","taluk":"Davanagere","village":"Alur","survey_number":"61","owner_name":"Owner 126","area_sqm":4376.69,"land_use":"Agricultural","data_note":"Synthetic demonstration attributes; geometry and LRI location identifiers retained from Karnataka LRI source."}},{"type":"Feature","geometry":{"type":"MultiPolygon","coordinates":[[[[76.04264774219571,14.504997078920445],[76.04287888786129,14.504621454953542],[76.03971083096013,14.502691015418838],[76.03823938553641,14.50507380564513],[76.03928453580498,14.505101313418228],[76.03948203274241,14.505172378214738],[76.04022579806215,14.504623847043176],[76.04073247418323,14.504498214182897],[76.04127172028127,14.50455752965287],[76.04203373837488,14.50480094543102],[76.04264774219571,14.504997078920445]]]]},"properties":{"source":"REVENUE","record_id":"REV-ALUR-127","district":"Davanagere","taluk":"Davanagere","village":"Alur","survey_number":"62","owner_name":"Owner 127","area_sqm":4038.04,"land_use":"Agricultural","data_note":"Synthetic demonstration attributes; geometry and LRI location identifiers retained from Karnataka LRI source."}},{"type":"Feature","geometry":{"type":"MultiPolygon","coordinates":[[[[76.03823938553641,14.50507380564513],[76.03971083096013,14.502691015418838],[76.03660653725144,14.500791928838565],[76.0341976768784,14.504737966035421],[76.0352489330719,14.505331160054764],[76.03540393007331,14.505322223636643],[76.03698019677087,14.505099471779202],[76.03811375111829,14.50507049917169],[76.03823938553641,14.50507380564513]]]]},"properties":{"source":"REVENUE","record_id":"REV-ALUR-128","district":"Davanagere","taluk":"Davanagere","village":"Alur","survey_number":"63","owner_name":"Owner 128","area_sqm":583.44,"land_use":"Agricultural","data_note":"Synthetic demonstration attributes; geometry and LRI location identifiers retained from Karnataka LRI source."}},{"type":"Feature","geometry":{"type":"MultiPolygon","coordinates":[[[[76.03660653725144,14.500791928838565],[76.03346310482361,14.498857043596354],[76.03178676056163,14.501539962973954],[76.03126360133989,14.50241490307089],[76.03228295314405,14.503373181641171],[76.0328427004713,14.503912949645741],[76.0341976768784,14.504737966035421],[76.03660653725144,14.500791928838565]]]]},"properties":{"source":"REVENUE","record_id":"REV-ALUR-129","district":"Davanagere","taluk":"Davanagere","village":"Alur","survey_number":"64","owner_name":"Owner 129","area_sqm":4252.52,"land_use":"Agricultural","data_note":"Synthetic demonstration attributes; geometry and LRI location identifiers retained from Karnataka LRI source."}},{"type":"Feature","geometry":{"type":"MultiPolygon","coordinates":[[[[76.03126360133989,14.50241490307089],[76.03102840675898,14.5028082436137],[76.0328426995434,14.503912949649822],[76.03228295314405,14.503373181641171],[76.03126360133989,14.50241490307089]]]]},"properties":{"source":"REVENUE","record_id":"REV-ALUR-130","district":"Davanagere","taluk":"Davanagere","village":"Alur","survey_number":"64","owner_name":"Owner 130","area_sqm":4744.1,"land_use":"Agricultural","data_note":"Synthetic demonstration attributes; geometry and LRI location identifiers retained from Karnataka LRI source."}},{"type":"Feature","geometry":{"type":"MultiPolygon","coordinates":[[[[76.03346310482361,14.498857043596354],[76.03512928564099,14.49622643640816],[76.03591697716004,14.4949901156707],[76.03695294644447,14.493494441325346],[76.0340326111388,14.492942199392049],[76.03411479834195,14.493259561792302],[76.03425896228384,14.49390088986761],[76.03434890770208,14.494364559144953],[76.0345158053902,14.495288245445874],[76.03456819720371,14.495589079228713],[76.03430036142093,14.495759566715439],[76.03145742744715,14.497566640961058],[76.03100736554725,14.496155787386241],[76.02999041212001,14.496845014125006],[76.02897880737518,14.497547347177886],[76.02905159434965,14.497699598456887],[76.02932516546896,14.498097468223595],[76.02946856677688,14.498534098161729],[76.02949389164351,14.498614961440163],[76.02955338160172,14.498890005987793],[76.02959549231633,14.499003188992894],[76.02961154451138,14.499043028987934],[76.03178676056163,14.501539962973954],[76.03346310482361,14.498857043596354]]]]},"properties":{"source":"REVENUE","record_id":"REV-ALUR-131","district":"Davanagere","taluk":"Davanagere","village":"Alur","survey_number":"65","owner_name":"Owner 131","area_sqm":4046.15,"land_use":"Agricultural","data_note":"Synthetic demonstration attributes; geometry and LRI location identifiers retained from Karnataka LRI source."}},{"type":"Feature","geometry":{"type":"MultiPolygon","coordinates":[[[[76.02897880737518,14.497547347177886],[76.02856931231925,14.497831646719705],[76.02857142208332,14.49783500229472],[76.02938388138077,14.498784943560294],[76.0294304222369,14.498835115037323],[76.0296115454393,14.49904302898387],[76.02959549231633,14.499003188992894],[76.02955338160172,14.498890005987793],[76.02949389164351,14.498614961440163],[76.02946856677688,14.498534098161729],[76.02932516454108,14.498097468227659],[76.02905159434549,14.497699597552877],[76.02897880737518,14.497547347177886]]]]},"properties":{"source":"REVENUE","record_id":"REV-ALUR-132","district":"Davanagere","taluk":"Davanagere","village":"Alur","survey_number":"65","owner_name":"Owner 132","area_sqm":2336.41,"land_use":"Agricultural","data_note":"Synthetic demonstration attributes; geometry and LRI location identifiers retained from Karnataka LRI source."}},{"type":"Feature","geometry":{"type":"MultiPolygon","coordinates":[[[[76.03906538001416,14.496784685589512],[76.03762591946172,14.495957063065044],[76.03591697716004,14.4949901156707],[76.03512928564099,14.49622643640816],[76.03346310482361,14.498857043596354],[76.03660653725144,14.500791928838565],[76.03906538001416,14.496784685589512]]]]},"properties":{"source":"REVENUE","record_id":"REV-ALUR-133","district":"Davanagere","taluk":"Davanagere","village":"Alur","survey_number":"66","owner_name":"Owner 133","area_sqm":4096.88,"land_use":"Agricultural","data_note":"Synthetic demonstration attributes; geometry and LRI location identifiers retained from Karnataka LRI source."}},{"type":"Feature","geometry":{"type":"MultiPolygon","coordinates":[[[[76.04080789037256,14.500971322623835],[76.04094411922244,14.500756652546666],[76.0422773419075,14.498614496905056],[76.03906538001416,14.496784685589512],[76.03660653725144,14.500791928838565],[76.03971083096013,14.502691015418838],[76.04080789037256,14.500971322623835]]]]},"properties":{"source":"REVENUE","record_id":"REV-ALUR-134","district":"Davanagere","taluk":"Davanagere","village":"Alur","survey_number":"67","owner_name":"Owner 134","area_sqm":3111.63,"land_use":"Agricultural","data_note":"Synthetic demonstration attributes; geometry and LRI location identifiers retained from Karnataka LRI source."}},{"type":"Feature","geometry":{"type":"MultiPolygon","coordinates":[[[[76.04393403420433,14.502936549282781],[76.04388135450958,14.502871446555853],[76.0437704069177,14.502764547373902],[76.04364049874344,14.50267895269097],[76.04345010092796,14.502588721469934],[76.04326225809626,14.502519957575123],[76.04310675697704,14.502479113652594],[76.04294390255104,14.502425866448977],[76.0427562804438,14.502358010603691],[76.04263120260177,14.502286280673726],[76.04245562494624,14.502183671713109],[76.0422901580787,14.502045745193517],[76.04212399125021,14.501890442575293],[76.04199435644412,14.501759078262456],[76.0418407184407,14.50160350285309],[76.041745865724,14.50151872875379],[76.04161005344187,14.501428104602727],[76.04143951683128,14.501347626609757],[76.04129684122123,14.501292809699049],[76.041118398394,14.501220553414598],[76.04096935355038,14.501144441165994],[76.04087747972439,14.50105961640997],[76.04080789037256,14.500971322623835],[76.03971083096013,14.502691015418838],[76.04287888786129,14.504621454953542],[76.04393403420433,14.502936549282781]]]]},"properties":{"source":"REVENUE","record_id":"REV-ALUR-135","district":"Davanagere","taluk":"Davanagere","village":"Alur","survey_number":"68","owner_name":"Owner 135","area_sqm":1409.0,"land_use":"Agricultural","data_note":"Synthetic demonstration attributes; geometry and LRI location identifiers retained from Karnataka LRI source."}},{"type":"Feature","geometry":{"type":"MultiPolygon","coordinates":[[[[76.04531332750449,14.5008500709012],[76.04533079179707,14.50032709806701],[76.04492749283506,14.499858618502444],[76.04451062223957,14.4993604513832],[76.04446820410689,14.498962812726614],[76.0422773419075,14.498614496905056],[76.04094411922244,14.500756652546666],[76.04103573475633,14.500851364002557],[76.04121365740785,14.500979196137154],[76.04137559490798,14.501066282039979],[76.04162491326113,14.501181317087017],[76.04176481069746,14.501244475856929],[76.04190105749514,14.501330203575714],[76.04201248798555,14.501409142671779],[76.04206327321766,14.50146498345942],[76.0422103431701,14.501605414630612],[76.04237067200273,14.50176184603163],[76.04253581193169,14.501915416389606],[76.04270535898175,14.502041062354856],[76.04291765790671,14.502144613670609],[76.04311828835044,14.50223645247543],[76.04332085726527,14.502292783949438],[76.043498131603,14.502364077239896],[76.04368251648175,14.50245058072484],[76.04387616178307,14.50258178059986],[76.04393215813742,14.502622985031985],[76.0440629461646,14.502740693997378],[76.04531332750449,14.5008500709012]]]]},"properties":{"source":"REVENUE","record_id":"REV-ALUR-136","district":"Davanagere","taluk":"Davanagere","village":"Alur","survey_number":"68","owner_name":"Owner 136","area_sqm":4711.47,"land_use":"Agricultural","data_note":"Synthetic demonstration attributes; geometry and LRI location identifiers retained from Karnataka LRI source."}},{"type":"Feature","geometry":{"type":"MultiPolygon","coordinates":[[[[76.04422348729244,14.49676923735186],[76.04418516871466,14.496357270382928],[76.04160193098994,14.493024337770255],[76.04151797365422,14.493150567321612],[76.0391096986502,14.496720643245842],[76.03906538001416,14.496784685589512],[76.0422773419075,14.498614496905056],[76.04446820410689,14.498962812726614],[76.04422348729244,14.49676923735186]]]]},"properties":{"source":"REVENUE","record_id":"REV-ALUR-137","district":"Davanagere","taluk":"Davanagere","village":"Alur","survey_number":"69","owner_name":"Owner 137","area_sqm":3226.79,"land_use":"Agricultural","data_note":"Synthetic demonstration attributes; geometry and LRI location identifiers retained from Karnataka LRI source."}},{"type":"Feature","geometry":{"type":"MultiPolygon","coordinates":[[[[76.04160193098994,14.493024337770255],[76.04008009380908,14.491114273547742],[76.04002633726473,14.491132161784975],[76.03920668619045,14.491365883997789],[76.0383938297048,14.491280050624576],[76.03695294644447,14.493494441325346],[76.03591697716004,14.4949901156707],[76.03762591946172,14.495957063065044],[76.03906538001416,14.496784685589512],[76.0391096986502,14.496720643245842],[76.04151797365422,14.493150567321612],[76.04160193098994,14.493024337770255]]]]},"properties":{"source":"REVENUE","record_id":"REV-ALUR-138","district":"Davanagere","taluk":"Davanagere","village":"Alur","survey_number":"70","owner_name":"Owner 138","area_sqm":1113.19,"land_use":"Agricultural","data_note":"Synthetic demonstration attributes; geometry and LRI location identifiers retained from Karnataka LRI source."}},{"type":"Feature","geometry":{"type":"MultiPolygon","coordinates":[[[[76.0383938297048,14.491280050624576],[76.03839383312842,14.491266434986542],[76.03839182173326,14.48993615829967],[76.03839169727159,14.489856395211099],[76.03830426518205,14.489825137693689],[76.03582963440893,14.488986533313195],[76.03565241307379,14.488911061900463],[76.03492569202372,14.489656567268597],[76.0353090755719,14.489776650005227],[76.03690360166523,14.490233828778262],[76.03715826359876,14.490305475949134],[76.03693905690794,14.491105388101957],[76.0341338765627,14.491422984030285],[76.03395482634852,14.491449919291787],[76.03374106979713,14.492127354831322],[76.03340196865808,14.492816553358127],[76.0340326111388,14.492942199392049],[76.03695294644447,14.493494441325346],[76.0383938297048,14.491280050624576]]]]},"properties":{"source":"REVENUE","record_id":"REV-ALUR-139","district":"Davanagere","taluk":"Davanagere","village":"Alur","survey_number":"71","owner_name":"Owner 139","area_sqm":1786.37,"land_use":"Agricultural","data_note":"Synthetic demonstration attributes; geometry and LRI location identifiers retained from Karnataka LRI source."}},{"type":"Feature","geometry":{"type":"MultiPolygon","coordinates":[[[[76.03492569202372,14.489656567268597],[76.03451788776542,14.490817909688667],[76.0341122480806,14.491273150787713],[76.03395482634852,14.491449919291787],[76.0341338765627,14.491422984030285],[76.03693905690794,14.491105388101957],[76.03715826359876,14.490305475949134],[76.03690360166523,14.490233828778262],[76.0353090755719,14.489776650005227],[76.03492569202372,14.489656567268597]]]]},"properties":{"source":"REVENUE","record_id":"REV-ALUR-140","district":"Davanagere","taluk":"Davanagere","village":"Alur","survey_number":"72","owner_name":"Owner 140","area_sqm":3993.75,"land_use":"Agricultural","data_note":"Synthetic demonstration attributes; geometry and LRI location identifiers retained from Karnataka LRI source."}},{"type":"Feature","geometry":{"type":"MultiPolygon","coordinates":[[[[76.03395482634852,14.491449919291787],[76.0341122480806,14.491273150787713],[76.03451788776542,14.490817909688667],[76.03492569202372,14.489656567268597],[76.0347580030032,14.489525811390163],[76.034732008176,14.489505486566678],[76.0338513709344,14.488809763639821],[76.03305567977206,14.489324019653942],[76.0328646520958,14.490192437442063],[76.03320943391628,14.492086690089621],[76.03352028653599,14.492112428632014],[76.03374106979713,14.492127354831322],[76.03395482634852,14.491449919291787]]]]},"properties":{"source":"REVENUE","record_id":"REV-ALUR-141","district":"Davanagere","taluk":"Davanagere","village":"Alur","survey_number":"73","owner_name":"Owner 141","area_sqm":2492.23,"land_use":"Agricultural","data_note":"Synthetic demonstration attributes; geometry and LRI location identifiers retained from Karnataka LRI source."}},{"type":"Feature","geometry":{"type":"MultiPolygon","coordinates":[[[[76.03565241307379,14.488911061900463],[76.03559425381769,14.488886356032747],[76.03374962016666,14.488078846573211],[76.0338513709344,14.488809763639821],[76.034732008176,14.489505486566678],[76.0347580030032,14.489525811390163],[76.03492569202372,14.489656567268597],[76.03565241307379,14.488911061900463]]]]},"properties":{"source":"REVENUE","record_id":"REV-ALUR-142","district":"Davanagere","taluk":"Davanagere","village":"Alur","survey_number":"74","owner_name":"Owner 142","area_sqm":1865.23,"land_use":"Agricultural","data_note":"Synthetic demonstration attributes; geometry and LRI location identifiers retained from Karnataka LRI source."}},{"type":"Feature","geometry":{"type":"MultiPolygon","coordinates":[[[[76.03558832893216,14.486745248352515],[76.03445260208365,14.486586993685268],[76.03441826795842,14.486754987577546],[76.03351859839981,14.486848054820715],[76.03348934033879,14.486854089517587],[76.03344512570317,14.487037731275166],[76.03360779089282,14.487843774415111],[76.03573328057976,14.488763201753814],[76.03575941839665,14.488707002185782],[76.03636934289835,14.488062637448296],[76.03568014377032,14.486902681615705],[76.03558832893216,14.486745248352515]]]]},"properties":{"source":"REVENUE","record_id":"REV-ALUR-143","district":"Davanagere","taluk":"Davanagere","village":"Alur","survey_number":"75","owner_name":"Owner 143","area_sqm":3393.15,"land_use":"Agricultural","data_note":"Synthetic demonstration attributes; geometry and LRI location identifiers retained from Karnataka LRI source."}},{"type":"Feature","geometry":{"type":"MultiPolygon","coordinates":[[[[76.03886014669753,14.488305208428939],[76.03878620948979,14.48826486826064],[76.037783097753,14.487787456890405],[76.03558832893216,14.486745248352515],[76.03568014377032,14.486902681615705],[76.03636934289835,14.488062637448296],[76.03575941839665,14.488707002185782],[76.03573328057976,14.488763201753814],[76.03833115801778,14.489672115433653],[76.03840138128612,14.489698283346266],[76.03886014669753,14.488305208428939]]]]},"properties":{"source":"REVENUE","record_id":"REV-ALUR-144","district":"Davanagere","taluk":"Davanagere","village":"Alur","survey_number":"76","owner_name":"Owner 144","area_sqm":1026.34,"land_use":"Agricultural","data_note":"Synthetic demonstration attributes; geometry and LRI location identifiers retained from Karnataka LRI source."}},{"type":"Feature","geometry":{"type":"MultiPolygon","coordinates":[[[[76.03887019050615,14.488273456922574],[76.03906723570789,14.487222160470608],[76.03920011852716,14.486494479101188],[76.03942146292438,14.485160197938134],[76.0360841920936,14.484024188072029],[76.03449371788298,14.48373010297958],[76.03394107930869,14.484941620973567],[76.03390917971466,14.48502932233371],[76.03348988468998,14.486851820712511],[76.03348934033879,14.486854089517587],[76.03351859839981,14.486848054820715],[76.03441826795842,14.486754987577546],[76.03445260208365,14.486586993685268],[76.03558832893216,14.486745248352515],[76.037783097753,14.487787456890405],[76.03878620948979,14.48826486826064],[76.03886014669753,14.488305208428939],[76.03887019050615,14.488273456922574]]]]},"properties":{"source":"REVENUE","record_id":"REV-ALUR-145","district":"Davanagere","taluk":"Davanagere","village":"Alur","survey_number":"77","owner_name":"Owner 145","area_sqm":1522.89,"land_use":"Agricultural","data_note":"Synthetic demonstration attributes; geometry and LRI location identifiers retained from Karnataka LRI source."}},{"type":"Feature","geometry":{"type":"MultiPolygon","coordinates":[[[[76.03944096166278,14.485042460996697],[76.0392849383419,14.48305063514189],[76.03927622159361,14.482943102884088],[76.03909585455992,14.480772531108363],[76.03900952302082,14.479767106877624],[76.03897562507046,14.479397734263156],[76.03824441104535,14.479535322010062],[76.03755193991518,14.479704786371496],[76.03700983402584,14.479950876904232],[76.0368128566828,14.480041555744721],[76.03661957365706,14.480173966390646],[76.03646113174317,14.480317646684599],[76.03633245726482,14.480380985353763],[76.03618731264125,14.482502036394465],[76.03617899679219,14.482624036135965],[76.0360841920936,14.484024188072029],[76.03942146292438,14.485160197938134],[76.03944096166278,14.485042460996697]]]]},"properties":{"source":"REVENUE","record_id":"REV-ALUR-146","district":"Davanagere","taluk":"Davanagere","village":"Alur","survey_number":"78","owner_name":"Owner 146","area_sqm":3734.29,"land_use":"Agricultural","data_note":"Synthetic demonstration attributes; geometry and LRI location identifiers retained from Karnataka LRI source."}},{"type":"Feature","geometry":{"type":"MultiPolygon","coordinates":[[[[76.03633245726482,14.480380985353763],[76.0362413269928,14.480425843700754],[76.03605808082379,14.480498134877992],[76.03587460135677,14.48052277625968],[76.03511691814205,14.480770353764138],[76.03240390572705,14.481652042420832],[76.03116919979922,14.48196723066417],[76.03017809501401,14.482025182694738],[76.02974976793766,14.482071431748238],[76.03056091902323,14.482283445682013],[76.03084997822604,14.482378008856564],[76.03257322920146,14.482999560613592],[76.03277658225734,14.48308668323801],[76.03449371788298,14.48373010297958],[76.0360841920936,14.484024188072029],[76.03617899679219,14.482624036135965],[76.03618731264125,14.482502036394465],[76.03633245726482,14.480380985353763]]]]},"properties":{"source":"REVENUE","record_id":"REV-ALUR-147","district":"Davanagere","taluk":"Davanagere","village":"Alur","survey_number":"79","owner_name":"Owner 147","area_sqm":890.65,"land_use":"Agricultural","data_note":"Synthetic demonstration attributes; geometry and LRI location identifiers retained from Karnataka LRI source."}},{"type":"Feature","geometry":{"type":"MultiPolygon","coordinates":[[[[76.03022987987403,14.48346833995437],[76.0301744591712,14.483133136304177],[76.03015517766694,14.483012124469049],[76.03077833833011,14.48243760228837],[76.03084997822604,14.482378008856564],[76.03056091902323,14.482283445682013],[76.02974976793766,14.482071431748238],[76.02902817842764,14.482149344708464],[76.02885100257562,14.48214591088898],[76.0277266363145,14.483461833773429],[76.03002476820267,14.483472310595742],[76.03006872189052,14.483471458074941],[76.03022987987403,14.48346833995437]]]]},"properties":{"source":"REVENUE","record_id":"REV-ALUR-148","district":"Davanagere","taluk":"Davanagere","village":"Alur","survey_number":"80","owner_name":"Owner 148","area_sqm":1400.27,"land_use":"Agricultural","data_note":"Synthetic demonstration attributes; geometry and LRI location identifiers retained from Karnataka LRI source."}},{"type":"Feature","geometry":{"type":"MultiPolygon","coordinates":[[[[76.02985236557225,14.485235367127645],[76.03006416843226,14.484979665975047],[76.03010936500412,14.484925386784859],[76.03023193225859,14.484779244087512],[76.03022987987403,14.48346833995437],[76.03006872189052,14.483471458074941],[76.03002476820267,14.483472310595742],[76.0277266363145,14.483461833773429],[76.02771698106216,14.483575057552656],[76.02773124673334,14.48362382483514],[76.02778497832765,14.483788631476976],[76.02780697655737,14.483963890972985],[76.0278527059467,14.484912844564676],[76.02785215579759,14.48510947546572],[76.02854186443611,14.485181183538852],[76.02894089259594,14.485219670449258],[76.02959159323785,14.48527576440808],[76.0297844892726,14.485290030400156],[76.02985236557225,14.485235367127645]]]]},"properties":{"source":"REVENUE","record_id":"REV-ALUR-149","district":"Davanagere","taluk":"Davanagere","village":"Alur","survey_number":"81","owner_name":"Owner 149","area_sqm":1887.61,"land_use":"Agricultural","data_note":"Synthetic demonstration attributes; geometry and LRI location identifiers retained from Karnataka LRI source."}},{"type":"Feature","geometry":{"type":"MultiPolygon","coordinates":[[[[76.02771698106216,14.483575057552656],[76.02758847100348,14.485082060760282],[76.02785215579343,14.485109474561703],[76.0278527059467,14.484912844564676],[76.02780697655737,14.483963890972985],[76.02778497832348,14.483788630572962],[76.02773124673334,14.48362382483514],[76.02771698106216,14.483575057552656]]]]},"properties":{"source":"REVENUE","record_id":"REV-ALUR-150","district":"Davanagere","taluk":"Davanagere","village":"Alur","survey_number":"81","owner_name":"Owner 150","area_sqm":4894.59,"land_use":"Agricultural","data_note":"Synthetic demonstration attributes; geometry and LRI location identifiers retained from Karnataka LRI source."}},{"type":"Feature","geometry":{"type":"MultiPolygon","coordinates":[[[[76.03068057019489,14.484948928296065],[76.03209058247474,14.484437890574368],[76.03215991788535,14.484303279272755],[76.03277658225734,14.48308668323801],[76.03257322920146,14.482999560613592],[76.03084997822604,14.482378008856564],[76.03077833833011,14.48243760228837],[76.03015517766694,14.483012124469049],[76.0301744591712,14.483133136304177],[76.03022987987403,14.48346833995437],[76.03023193225859,14.484779244087512],[76.03010936500412,14.484925386784859],[76.03006416843226,14.484979665975047],[76.02985236557225,14.485235367127645],[76.03068057019489,14.484948928296065]]]]},"properties":{"source":"REVENUE","record_id":"REV-ALUR-151","district":"Davanagere","taluk":"Davanagere","village":"Alur","survey_number":"82","owner_name":"Owner 151","area_sqm":4691.29,"land_use":"Agricultural","data_note":"Synthetic demonstration attributes; geometry and LRI location identifiers retained from Karnataka LRI source."}},{"type":"Feature","geometry":{"type":"MultiPolygon","coordinates":[[[[76.03449371788298,14.48373010297958],[76.03277658225734,14.48308668323801],[76.03215991788535,14.484303279272755],[76.03209058247474,14.484437890574368],[76.03224804155259,14.484415281833462],[76.03390917971466,14.48502932233371],[76.03394107930869,14.484941620973567],[76.03449371788298,14.48373010297958]]]]},"properties":{"source":"REVENUE","record_id":"REV-ALUR-152","district":"Davanagere","taluk":"Davanagere","village":"Alur","survey_number":"83","owner_name":"Owner 152","area_sqm":3471.28,"land_use":"Agricultural","data_note":"Synthetic demonstration attributes; geometry and LRI location identifiers retained from Karnataka LRI source."}},{"type":"Feature","geometry":{"type":"MultiPolygon","coordinates":[[[[76.03348934033879,14.486854089517587],[76.03348988468998,14.486851820712511],[76.03390917971466,14.48502932233371],[76.03224804155259,14.484415281833462],[76.03209058247474,14.484437890574368],[76.03068057019489,14.484948928296065],[76.03039261413441,14.486476703046215],[76.03215533800906,14.48721579696197],[76.03348934033879,14.486854089517587]]]]},"properties":{"source":"REVENUE","record_id":"REV-ALUR-153","district":"Davanagere","taluk":"Davanagere","village":"Alur","survey_number":"84","owner_name":"Owner 153","area_sqm":2709.81,"land_use":"Agricultural","data_note":"Synthetic demonstration attributes; geometry and LRI location identifiers retained from Karnataka LRI source."}},{"type":"Feature","geometry":{"type":"MultiPolygon","coordinates":[[[[76.0308991915684,14.503051264406125],[76.03072256034487,14.50299080515033],[76.03061275276038,14.50295318757397],[76.02955273741811,14.502595440653945],[76.0294588710009,14.502564045592923],[76.02852582777724,14.502254942752554],[76.02850942889752,14.502321774738254],[76.02849942689484,14.502369051582498],[76.02846710355712,14.502494332178044],[76.02837374212137,14.502856511754766],[76.0282741370475,14.503288421431083],[76.02807723708271,14.504050193217562],[76.0280936424323,14.504055920758642],[76.02906349882524,14.504412736574787],[76.02914401578661,14.504443522178894],[76.02929628620994,14.50450164395898],[76.02938706619044,14.504536249224131],[76.02989431280791,14.504729219913068],[76.0308991915684,14.503051264406125]]]]},"properties":{"source":"REVENUE","record_id":"REV-ALUR-154","district":"Davanagere","taluk":"Davanagere","village":"Alur","survey_number":"85","owner_name":"Owner 154","area_sqm":1085.95,"land_use":"Agricultural","data_note":"Synthetic demonstration attributes; geometry and LRI location identifiers retained from Karnataka LRI source."}},{"type":"Feature","geometry":{"type":"MultiPolygon","coordinates":[[[[76.03348934033879,14.486854089517587],[76.03215533800906,14.48721579696197],[76.03235097372752,14.487301624657222],[76.03360779089282,14.487843774415111],[76.03344512570317,14.487037731275166],[76.03348934033879,14.486854089517587]]]]},"properties":{"source":"REVENUE","record_id":"REV-ALUR-155","district":"Davanagere","taluk":"Davanagere","village":"Alur","survey_number":"86","owner_name":"Owner 155","area_sqm":3049.99,"land_use":"Agricultural","data_note":"Synthetic demonstration attributes; geometry and LRI location identifiers retained from Karnataka LRI source."}},{"type":"Feature","geometry":{"type":"MultiPolygon","coordinates":[[[[76.0338513709344,14.488809763639821],[76.03374962016666,14.488078846573211],[76.0320415892644,14.487384410547975],[76.03098682563622,14.487727150945426],[76.03147476755272,14.48929859922959],[76.03305567977206,14.489324019653942],[76.0338513709344,14.488809763639821]]]]},"properties":{"source":"REVENUE","record_id":"REV-ALUR-156","district":"Davanagere","taluk":"Davanagere","village":"Alur","survey_number":"87","owner_name":"Owner 156","area_sqm":2622.14,"land_use":"Agricultural","data_note":"Synthetic demonstration attributes; geometry and LRI location identifiers retained from Karnataka LRI source."}},{"type":"Feature","geometry":{"type":"MultiPolygon","coordinates":[[[[76.0328646520958,14.490192437442063],[76.03305567977206,14.489324019653942],[76.03147476755272,14.48929859922959],[76.03141954599744,14.490098080577516],[76.03142094996379,14.490243195317827],[76.0328646520958,14.490192437442063]]]]},"properties":{"source":"REVENUE","record_id":"REV-ALUR-157","district":"Davanagere","taluk":"Davanagere","village":"Alur","survey_number":"88","owner_name":"Owner 157","area_sqm":4940.74,"land_use":"Agricultural","data_note":"Synthetic demonstration attributes; geometry and LRI location identifiers retained from Karnataka LRI source."}},{"type":"Feature","geometry":{"type":"MultiPolygon","coordinates":[[[[76.03142094996379,14.490243195317827],[76.03141954599744,14.490098080577516],[76.03147476755272,14.48929859922959],[76.03098682563622,14.487727150945426],[76.03018609253755,14.487968094808606],[76.03016251089254,14.488026178397005],[76.02988495931147,14.488863299988305],[76.02938266804843,14.490366248825497],[76.0292184327199,14.491751106791654],[76.02943903518124,14.491842142161936],[76.02997036720109,14.492053868192029],[76.03023553237577,14.49104011280747],[76.03045383609036,14.4902640089786],[76.03142094996379,14.490243195317827]]]]},"properties":{"source":"REVENUE","record_id":"REV-ALUR-158","district":"Davanagere","taluk":"Davanagere","village":"Alur","survey_number":"89","owner_name":"Owner 158","area_sqm":1433.79,"land_use":"Agricultural","data_note":"Synthetic demonstration attributes; geometry and LRI location identifiers retained from Karnataka LRI source."}},{"type":"Feature","geometry":{"type":"MultiPolygon","coordinates":[[[[76.03320943391628,14.492086690089621],[76.0328646520958,14.490192437442063],[76.03142094996379,14.490243195317827],[76.03045383609036,14.4902640089786],[76.03023553237577,14.49104011280747],[76.02997036720109,14.492053868192029],[76.03040294423454,14.492257051699813],[76.03023747182579,14.493098457241226],[76.03153283879855,14.493224372980844],[76.03186561922325,14.492072871934589],[76.03320943391628,14.492086690089621]]]]},"properties":{"source":"REVENUE","record_id":"REV-ALUR-159","district":"Davanagere","taluk":"Davanagere","village":"Alur","survey_number":"90","owner_name":"Owner 159","area_sqm":4976.4,"land_use":"Agricultural","data_note":"Synthetic demonstration attributes; geometry and LRI location identifiers retained from Karnataka LRI source."}},{"type":"Feature","geometry":{"type":"MultiPolygon","coordinates":[[[[76.03153337949762,14.494116449010866],[76.03153283879855,14.493224372980844],[76.03023747182579,14.493098457241226],[76.03021783575622,14.49377898508787],[76.03020461990758,14.49433540432709],[76.03080455819368,14.494269809611463],[76.0314028571017,14.494135740056247],[76.03153337949762,14.494116449010866]]]]},"properties":{"source":"REVENUE","record_id":"REV-ALUR-160","district":"Davanagere","taluk":"Davanagere","village":"Alur","survey_number":"91","owner_name":"Owner 160","area_sqm":747.58,"land_use":"Agricultural","data_note":"Synthetic demonstration attributes; geometry and LRI location identifiers retained from Karnataka LRI source."}},{"type":"Feature","geometry":{"type":"MultiPolygon","coordinates":[[[[76.031917709076,14.494007860236229],[76.03336748149356,14.492884535532513],[76.03337822120747,14.49286338997761],[76.03340196865808,14.492816553358127],[76.03374106979713,14.492127354831322],[76.03352028653599,14.492112428632014],[76.03320943391628,14.492086690089621],[76.03186561922325,14.492072871934589],[76.03153283879855,14.493224372980844],[76.03153337949762,14.494116449010866],[76.03178001481862,14.494046738128924],[76.031917709076,14.494007860236229]]]]},"properties":{"source":"REVENUE","record_id":"REV-ALUR-161","district":"Davanagere","taluk":"Davanagere","village":"Alur","survey_number":"92","owner_name":"Owner 161","area_sqm":1109.7,"land_use":"Agricultural","data_note":"Synthetic demonstration attributes; geometry and LRI location identifiers retained from Karnataka LRI source."}},{"type":"Feature","geometry":{"type":"MultiPolygon","coordinates":[[[[76.0340326111388,14.492942199392049],[76.03340196865808,14.492816553358127],[76.03337822120747,14.49286338997761],[76.03336748149356,14.492884535532513],[76.031917709076,14.494007860236229],[76.03183621685311,14.494197703518159],[76.03142434262016,14.494892142610825],[76.03155826206205,14.494886203646937],[76.03198858278652,14.494796821423204],[76.03229828212952,14.494759226246028],[76.03246370957396,14.494780881343967],[76.03268820828686,14.494876023160069],[76.03237702102282,14.494869426316345],[76.03225849725237,14.494891805742624],[76.03201217853905,14.494940263769227],[76.03168836268762,14.495018341712584],[76.03145622124846,14.495063050263896],[76.03131594345815,14.495073537255504],[76.03127387571749,14.495143801683747],[76.03105368323233,14.495218563514625],[76.03063433296316,14.49570372067577],[76.03003673465352,14.49585770494679],[76.02900542460861,14.496264423886156],[76.02981508755683,14.496753724180367],[76.02999041212001,14.496845014125006],[76.03100736554725,14.496155787386241],[76.03145742744715,14.497566640961058],[76.03430036142093,14.495759566715439],[76.03456819720371,14.495589079228713],[76.0345158053902,14.495288245445874],[76.03434890770208,14.494364559144953],[76.03425896228384,14.49390088986761],[76.03411479834195,14.493259561792302],[76.0340326111388,14.492942199392049]]]]},"properties":{"source":"REVENUE","record_id":"REV-ALUR-162","district":"Davanagere","taluk":"Davanagere","village":"Alur","survey_number":"93","owner_name":"Owner 162","area_sqm":809.69,"land_use":"Agricultural","data_note":"Synthetic demonstration attributes; geometry and LRI location identifiers retained from Karnataka LRI source."}},{"type":"Feature","geometry":{"type":"MultiPolygon","coordinates":[[[[76.02999041212001,14.496845014125006],[76.02981508755683,14.496753724180367],[76.02900542460861,14.496264423886156],[76.02838578929719,14.496403674484974],[76.02837268825654,14.496418357299566],[76.02858094344538,14.496703405888265],[76.02870638329708,14.496954939182407],[76.02881106652949,14.49719647789829],[76.02897880737518,14.497547347177886],[76.02999041212001,14.496845014125006]]]]},"properties":{"source":"REVENUE","record_id":"REV-ALUR-163","district":"Davanagere","taluk":"Davanagere","village":"Alur","survey_number":"94","owner_name":"Owner 163","area_sqm":3461.1,"land_use":"Agricultural","data_note":"Synthetic demonstration attributes; geometry and LRI location identifiers retained from Karnataka LRI source."}},{"type":"Feature","geometry":{"type":"MultiPolygon","coordinates":[[[[76.0294304222369,14.498835115037323],[76.02938388138077,14.498784943560294],[76.02857142208332,14.49783500229472],[76.02856931231925,14.497831646719705],[76.02897880737518,14.497547347177886],[76.02881106745737,14.49719647789423],[76.02870638329708,14.496954939182407],[76.02858094344538,14.496703405888265],[76.02837268825654,14.496418357299566],[76.02786917744228,14.496982632423562],[76.02739152872329,14.497310537730844],[76.02728537818705,14.497401531970239],[76.0265166612125,14.49807527926018],[76.02656386670742,14.498110357408757],[76.02810773146088,14.499234419139167],[76.02860921797661,14.499845638231363],[76.0291146738626,14.499847573442118],[76.02915182205672,14.499848394248634],[76.02938927693086,14.498950282102875],[76.0294304222369,14.498835115037323]]]]},"properties":{"source":"REVENUE","record_id":"REV-ALUR-164","district":"Davanagere","taluk":"Davanagere","village":"Alur","survey_number":"94","owner_name":"Owner 164","area_sqm":3830.01,"land_use":"Agricultural","data_note":"Synthetic demonstration attributes; geometry and LRI location identifiers retained from Karnataka LRI source."}},{"type":"Feature","geometry":{"type":"MultiPolygon","coordinates":[[[[76.02915182205672,14.499848394248634],[76.0291146738626,14.499847573442118],[76.02860921797661,14.499845638231363],[76.02810773146088,14.499234419139167],[76.02656386670742,14.498110357408757],[76.0265166612125,14.49807527926018],[76.02616002779486,14.498316688754905],[76.02592970844704,14.498824347383456],[76.02553477937207,14.499024039386711],[76.0255995092363,14.49914297266358],[76.02583073256525,14.499567585846824],[76.02889968754234,14.500735214956224],[76.02892227965181,14.500742672790116],[76.02915182205672,14.499848394248634]]]]},"properties":{"source":"REVENUE","record_id":"REV-ALUR-165","district":"Davanagere","taluk":"Davanagere","village":"Alur","survey_number":"95","owner_name":"Owner 165","area_sqm":4690.71,"land_use":"Agricultural","data_note":"Synthetic demonstration attributes; geometry and LRI location identifiers retained from Karnataka LRI source."}},{"type":"Feature","geometry":{"type":"MultiPolygon","coordinates":[[[[76.02892227965181,14.500742672790116],[76.02889968754234,14.500735214956224],[76.02583073256525,14.499567585846824],[76.0255995092363,14.49914297266358],[76.02553477937207,14.499024039386711],[76.02441458684373,14.499946104568696],[76.02434593600418,14.500003068898856],[76.023835231072,14.500445050899831],[76.02392527156448,14.500468679452487],[76.02662465772434,14.501149088298435],[76.02867553544762,14.501648361279376],[76.02870895292892,14.501525565576303],[76.02892227965181,14.500742672790116]]]]},"properties":{"source":"REVENUE","record_id":"REV-ALUR-166","district":"Davanagere","taluk":"Davanagere","village":"Alur","survey_number":"96","owner_name":"Owner 166","area_sqm":1695.45,"land_use":"Agricultural","data_note":"Synthetic demonstration attributes; geometry and LRI location identifiers retained from Karnataka LRI source."}},{"type":"Feature","geometry":{"type":"MultiPolygon","coordinates":[[[[76.02867553544762,14.501648361279376],[76.02662465772434,14.501149088298435],[76.02392527156448,14.500468679452487],[76.023835231072,14.500445050899831],[76.02341638110092,14.500820411973828],[76.02352946367675,14.500849264116066],[76.02855943134875,14.502085573159578],[76.02855969523252,14.50208564975061],[76.02879822259494,14.502156001789178],[76.02890650207894,14.501719006718433],[76.0288969965601,14.50171601623874],[76.02867553544762,14.501648361279376]]]]},"properties":{"source":"REVENUE","record_id":"REV-ALUR-167","district":"Davanagere","taluk":"Davanagere","village":"Alur","survey_number":"97","owner_name":"Owner 167","area_sqm":2609.7,"land_use":"Agricultural","data_note":"Synthetic demonstration attributes; geometry and LRI location identifiers retained from Karnataka LRI source."}},{"type":"Feature","geometry":{"type":"MultiPolygon","coordinates":[[[[76.02852582777724,14.502254942752554],[76.02855969523252,14.50208564975061],[76.02855943134875,14.502085573159578],[76.02352946367675,14.500849264116066],[76.02341638110092,14.500820411973828],[76.02328123803122,14.500906135643163],[76.02273141719769,14.501361311243542],[76.02292977967704,14.501427958788302],[76.02359977367993,14.501650586982043],[76.02527461970804,14.501866023746649],[76.02849789732363,14.502368774415451],[76.02849942689484,14.502369051582498],[76.02850942889752,14.502321774738254],[76.02852582777724,14.502254942752554]]]]},"properties":{"source":"REVENUE","record_id":"REV-ALUR-168","district":"Davanagere","taluk":"Davanagere","village":"Alur","survey_number":"98","owner_name":"Owner 168","area_sqm":4801.33,"land_use":"Agricultural","data_note":"Synthetic demonstration attributes; geometry and LRI location identifiers retained from Karnataka LRI source."}},{"type":"Feature","geometry":{"type":"MultiPolygon","coordinates":[[[[76.02495005297041,14.504543673155238],[76.0241329545696,14.50242345657049],[76.02359977367993,14.501650586982043],[76.02292977967704,14.501427958788302],[76.02273141719769,14.501361311243542],[76.02269172375631,14.501359350586966],[76.02244224844522,14.501810922977524],[76.02247449937363,14.501871809436677],[76.02388358808878,14.504646794649718],[76.02392465111073,14.504723340070651],[76.02403382972628,14.504901143100964],[76.02422222289266,14.504828010330357],[76.02495005297041,14.504543673155238]]]]},"properties":{"source":"REVENUE","record_id":"REV-ALUR-169","district":"Davanagere","taluk":"Davanagere","village":"Alur","survey_number":"99","owner_name":"Owner 169","area_sqm":2901.31,"land_use":"Agricultural","data_note":"Synthetic demonstration attributes; geometry and LRI location identifiers retained from Karnataka LRI source."}}]}